"PRIMA AFP S.A.","Alicorp S.A.","[2009-03-26 / 2010-03-03]","[2009/3 - 2009/12]","ROMERO PAOLETTI DIONISIO","PRESIDENTE DEL DIRECTORIO","PRESIDENTE DEL DIRECTORIO","2005 Octubre","2009 Diciembre"
"PRIMA AFP S.A.","Alicorp S.A.","[2009-03-02 / 2009-03-26]","[2009/3 - 2009/3]","ROMERO PAOLETTI DIONISIO",DIRECTOR,"PRESIDENTE DEL DIRECTORIO","2005 Octubre","2009 Diciembre"
"AFP INTEGRA.","Amérika Financiera S.A.","[2001-07-12 / 2003-01-21]","[2001/7 - 2003/1]","DE OSMA BERCKEMEYER OSCAR JAVIER",DIRECTOR,"PRESIDENTE DEL DIRECTORIO","2000 Enero","2009 Diciembre"
"PRIMA AFP S.A.","Banco de Crédito del Perú","[2010-03-18 / 2013-03-21]","[2010/6 - 2010/6]","BAYLY LLONA WALTER","PRESIDENTE DEL DIRECTORIO","GERENTE GENERAL","2010 Junio","2010 Junio"
"PRIMA AFP S.A.","Banco de Crédito del Perú","[2008-04-01 / 2013-09-30]","[2010/6 - 2010/6]","CORREA MALACHOWSKI ALVARO",DIRECTOR,"G.CENTRAL DE PLANEA.Y FINANZAS","2010 Junio","2010 Junio"
"PRIMA AFP S.A.","Banco de Crédito del Perú","[2008-09-25 / 2017-11-29]","[2010/6 - 2010/6]","FERRARI DE LAS CASAS GIANFRANCO PIERO DARIO",DIRECTOR,"G.CENTRAL BCA. MINORISTA","2010 Junio","2010 Junio"
"PRIMA AFP S.A.","Banco de Crédito del Perú","[2010-03-18 / 2012-02-22]","[2010/6 - 2010/6]","MAGGIOLO DIBOS JAVIER ERNESTO","VICEPRESIDENTE DEL DIRECTORIO","G. CENTRAL ADM. DE ACTIVOS","2010 Junio","2010 Junio"
"PRIMA AFP S.A.","Banco de Crédito del Perú","[2010-03-04 / 2017-11-29]","[2010/6 - 2010/6]","RUBIO FEIJOO PEDRO",DIRECTOR,"G.CENTRAL DE NEGOCIOS MAYORIST","2010 Junio","2010 Junio"
"PRIMA AFP S.A.","Banco de Crédito del Perú","[2007-03-28 / 2008-02-29]","[2007/3 - 2008/2]","BAYLY LLONA WALTER","VICEPRESIDENTE DEL DIRECTORIO","GTE PLANEAMIENTO Y FINANZAS","2005 Setiembre","2009 Diciembre"
"PRIMA AFP S.A.","Banco de Crédito del Perú","[2005-03-14 / 2007-03-28]","[2005/9 - 2007/3]","BAYLY LLONA WALTER",DIRECTOR,"GTE PLANEAMIENTO Y FINANZAS","2005 Setiembre","2009 Diciembre"
"PRIMA AFP S.A.","Banco de Crédito del Perú","[2005-03-14 / 2008-02-29]","[2005/9 - 2008/2]","CIGÜEÑAS GUEVARA BENEDICTO",DIRECTOR,DIRECTOR,"2005 Setiembre","2009 Diciembre"
"PRIMA AFP S.A.","Banco de Crédito del Perú","[2008-04-01 / 2013-09-30]","[2008/4 - 2009/12]","CORREA MALACHOWSKI ALVARO",DIRECTOR,"G.CENTRAL DE PLANEA.Y FINANZAS","2005 Setiembre","2009 Diciembre"
"PRIMA AFP S.A.","Banco de Crédito del Perú","[2008-09-25 / 2017-11-29]","[2008/9 - 2009/12]","FERRARI DE LAS CASAS GIANFRANCO PIERO DARIO",DIRECTOR,"G.CENTRAL BCA. MINORISTA","2005 Setiembre","2009 Diciembre"
"PRIMA AFP S.A.","Banco de Crédito del Perú","[2008-04-01 / 2010-03-18]","[2008/4 - 2009/12]","MAGGIOLO DIBOS JAVIER ERNESTO",DIRECTOR,"G. CENTRAL ADM. DE ACTIVOS","2005 Setiembre","2009 Diciembre"
"PRIMA AFP S.A.","Banco de Crédito del Perú","[2009-03-31 / 2010-03-03]","[2009/3 - 2009/12]","ROMERO PAOLETTI DIONISIO","PRESIDENTE DEL DIRECTORIO","PRESIDENTE DEL DIRECTORIO","2005 Setiembre","2009 Diciembre"
"PRIMA AFP S.A.","Banco de Crédito del Perú","[2009-03-26 / 2009-03-31]","[2009/3 - 2009/3]","ROMERO PAOLETTI DIONISIO","PRESIDENTE DEL DIRECTORIO","VICEPRESIDENTE DEL DIRECTORIO","2005 Setiembre","2009 Diciembre"
"PRIMA AFP S.A.","Banco de Crédito del Perú","[2009-03-02 / 2009-03-26]","[2009/3 - 2009/3]","ROMERO PAOLETTI DIONISIO",DIRECTOR,"VICEPRESIDENTE DEL DIRECTORIO","2005 Setiembre","2009 Diciembre"
"PRIMA AFP S.A.","Banco de Crédito del Perú","[2010-03-18 / 2013-03-21]","[2011/1 - 2013/3]","BAYLY LLONA WALTER","PRESIDENTE DEL DIRECTORIO","GERENTE GENERAL","2011 Enero","2017 Febrero"
"PRIMA AFP S.A.","Banco de Crédito del Perú","[2008-04-01 / 2013-09-30]","[2011/1 - 2013/9]","CORREA MALACHOWSKI ALVARO",DIRECTOR,"G.CENTRAL DE PLANEA.Y FINANZAS","2011 Enero","2017 Febrero"
"PRIMA AFP S.A.","Banco de Crédito del Perú","[2013-10-01 / 2017-11-29]","[2013/10 - 2017/2]","DASSO MONTERO FERNANDO",DIRECTOR,"G.CENTRAL DE PLANEA.Y FINANZAS","2011 Enero","2017 Febrero"
"PRIMA AFP S.A.","Banco de Crédito del Perú","[2016-06-24 / 2017-11-29]","[2016/6 - 2017/2]","DASSO MONTERO FERNANDO",DIRECTOR,,"2011 Enero","2017 Febrero"
"PRIMA AFP S.A.","Banco de Crédito del Perú","[2008-09-25 / 2017-11-29]","[2011/1 - 2017/2]","FERRARI DE LAS CASAS GIANFRANCO PIERO DARIO",DIRECTOR,"G.CENTRAL BCA. MINORISTA","2011 Enero","2017 Febrero"
"PRIMA AFP S.A.","Banco de Crédito del Perú","[2012-05-10 / 2013-03-21]","[2012/5 - 2013/3]","LOAIZA NEGREIROS RUBEN FERNANDO","VICEPRESIDENTE DEL DIRECTORIO","GERENTE DE SUBSIDIARIAS","2011 Enero","2017 Febrero"
"PRIMA AFP S.A.","Banco de Crédito del Perú","[2010-03-18 / 2012-02-22]","[2011/1 - 2012/2]","MAGGIOLO DIBOS JAVIER ERNESTO","VICEPRESIDENTE DEL DIRECTORIO","G. CENTRAL ADM. DE ACTIVOS","2011 Enero","2017 Febrero"
"PRIMA AFP S.A.","Banco de Crédito del Perú","[2010-03-04 / 2017-11-29]","[2011/1 - 2017/2]","RUBIO FEIJOO PEDRO",DIRECTOR,"G.CENTRAL DE NEGOCIOS MAYORIST","2011 Enero","2017 Febrero"
"AFP INTEGRA.","Banco Falabella","[2013-09-01 / 2017-11-29]","[2013/9 - 2017/2]","HUME HURTADO MARIA JESUS","PRESIDENTE DEL DIRECTORIO",DIRECTOR,"2011 Diciembre","2017 Febrero"
"AFP INTEGRA.","Banco Internacional del Peru S.A.A. (Interbank)","[2006-10-17 / 2008-12-16]","[2006/10 - 2008/12]","DU BOIS FREUND FRITZ PAUL FELIX",DIRECTOR,DIRECTOR,"2000 Enero","2009 Diciembre"
"AFP UNION VIDA S A","Banco Ripley","[2006-11-20 / 2012-05-29]","[2006/11 - 2006/11]","ALVAREZ DE LA TORRE JARA MARIANO EMILIO","GERENTE DE INVERSIONES","GERENTE FINANCIERO","2004 Marzo","2006 Noviembre"
"AFP UNION VIDA S A","Banco Ripley","[2006-11-20 / 2012-05-29]","[2006/11 - 2006/11]","ALVAREZ DE LA TORRE JARA MARIANO EMILIO","MIEMBRO COMITE DE RIESGOS","GERENTE FINANCIERO","2004 Marzo","2006 Noviembre"
"AFP HORIZONTE S.A.","BBVA Banco Continental","[2006-04-19 / 2010-09-30]","[2010/6 - 2010/6]","KLINAR BARBUZA ROBERTO","GTE. RECURSOS HUMANOS","GERENTE DE RECURSOS HUMANOS","2010 Junio","2010 Junio"
"AFP HORIZONTE S.A.","BBVA Banco Continental","[2013-03-27 / 2013-04-23]","[2013/3 - 2013/4]","ARAOZ MEDANIC JAIME",DIRECTOR,"DIRECTOR ALTERNO","2011 Enero","2013 Julio"
"AFP HORIZONTE S.A.","BBVA Banco Continental","[2011-10-27 / 2013-05-22]","[2011/10 - 2013/5]","BORRA NUÑEZ WALTER ARY","AUDITOR INTERNO","AUDITOR INTERNO","2011 Enero","2013 Julio"
"AFP HORIZONTE S.A.","BBVA Banco Continental","[2010-11-04 / 2013-07-25]","[2011/1 - 2013/7]","BRUCE MARTICORENA KARINA VICTORIA","GERENTE DE RECURSOS HUMANOS","GERENTE GENERAL ADJUNTO","2011 Enero","2013 Julio"
"AFP HORIZONTE S.A.","BBVA Banco Continental","[2010-11-04 / 2013-07-25]","[2011/1 - 2013/7]","BRUCE MARTICORENA KARINA VICTORIA","GERENTE DE RECURSOS HUMANOS","GER.GEN.ADJ. TALENTO & CULTURA","2011 Enero","2013 Julio"
"AFP HORIZONTE S.A.","BBVA Banco Continental","[2011-10-27 / 2013-05-22]","[2011/10 - 2013/5]","CALDERON FUENTES EDWIN HUMBERTO","OFICIAL CUMPLIMIENTO NORMATIVO","GERENTE DE CONTROL INTERNO E I","2011 Enero","2013 Julio"
"AFP HORIZONTE S.A.","BBVA Banco Continental","[2008-12-17 / 2008-12-18]","[2008/12 - 2008/12]","CARRANZA JAHNSEN RAFAEL OSCAR",,"GTE GRAL ADJUNTO BCA MAYORISTA","2000 Enero","2009 Diciembre"
"AFP HORIZONTE S.A.","BBVA Banco Continental","[2008-12-17 / 2008-12-18]","[2008/12 - 2008/12]","CARRANZA JAHNSEN RAFAEL OSCAR","GERENTE GENERAL","GTE GRAL ADJUNTO BCA MAYORISTA","2000 Enero","2009 Diciembre"
"AFP HORIZONTE S.A.","BBVA Banco Continental","[2008-12-17 / 2008-12-18]","[2008/12 - 2008/12]","CARRANZA JAHNSEN RAFAEL OSCAR",DIRECTOR,"GTE GRAL ADJUNTO BCA MAYORISTA","2000 Enero","2009 Diciembre"
"AFP HORIZONTE S.A.","BBVA Banco Continental","[2000-03-24 / 2000-05-17]","[2000/3 - 2000/5]","COLOMER GUIU JOSE ANTONIO",DIRECTOR-SUPLENTE,DIRECTOR,"2000 Enero","2009 Diciembre"
"AFP HORIZONTE S.A.","BBVA Banco Continental","[2000-05-17 / 2004-02-05]","[2000/5 - 2004/2]","COLOMER GUIU JOSE ANTONIO",DIRECTOR,DIRECTOR,"2000 Enero","2009 Diciembre"
"AFP HORIZONTE S.A.","BBVA Banco Continental","[2000-02-07 / 2000-05-17]","[2000/2 - 2000/5]","COLOMER GUIU JOSE ANTONIO",DIRECTOR-SUPLENTE,"GERENTE GENERAL","2000 Enero","2009 Diciembre"
"AFP HORIZONTE S.A.","BBVA Banco Continental","[2000-05-17 / 2004-02-05]","[2000/5 - 2004/2]","COLOMER GUIU JOSE ANTONIO",DIRECTOR,"GERENTE GENERAL","2000 Enero","2009 Diciembre"
"AFP HORIZONTE S.A.","BBVA Banco Continental","[2008-03-27 / 2009-03-31]","[2008/3 - 2009/3]","DONAIRE MECA JORDI",DIRECTOR,"DIRECTOR SUPLENTE","2000 Enero","2009 Diciembre"
"AFP HORIZONTE S.A.","BBVA Banco Continental","[2006-04-19 / 2010-09-30]","[2006/4 - 2009/12]","KLINAR BARBUZA ROBERTO","GTE. RECURSOS HUMANOS","GERENTE DE RECURSOS HUMANOS","2000 Enero","2009 Diciembre"
"AFP HORIZONTE S.A.","BBVA Banco Continental","[2003-03-18 / 2004-03-26]","[2003/3 - 2004/3]","MARIN ESTEVEZ JAVIER",,DIRECTOR,"2000 Enero","2009 Diciembre"
"AFP HORIZONTE S.A.","BBVA Banco Continental","[2003-03-18 / 2004-03-26]","[2003/3 - 2004/3]","MARIN ESTEVEZ JAVIER","GERENTE GENERAL",DIRECTOR,"2000 Enero","2009 Diciembre"
"AFP HORIZONTE S.A.","BBVA Banco Continental","[2002-03-13 / 2002-06-13]","[2002/3 - 2002/6]","MARIN ESTEVEZ JAVIER",,"DIRECTOR SUPLENTE","2000 Enero","2009 Diciembre"
"AFP HORIZONTE S.A.","BBVA Banco Continental","[2002-03-13 / 2002-06-13]","[2002/3 - 2002/6]","MARIN ESTEVEZ JAVIER","GERENTE GENERAL","DIRECTOR SUPLENTE","2000 Enero","2009 Diciembre"
"AFP HORIZONTE S.A.","BBVA Banco Continental","[2001-03-21 / 2002-03-13]","[2001/3 - 2002/3]","TORRES ALARCON JUAN MANUEL","DIRECTOR -SUPLENTE","DIRECTOR ALTERNO","2000 Enero","2009 Diciembre"
"AFP HORIZONTE S.A.","BBVA Banco Continental","[2002-03-13 / 2006-05-25]","[2002/3 - 2006/5]","TORRES ALARCON JUAN MANUEL","DIRECTOR -SUPLENTE","DIRECTOR SUPLENTE","2000 Enero","2009 Diciembre"
"PRIMA AFP S.A.","CCR Inc. MT-100 Payment Rights Master Trust","[2013-10-03 / 2017-11-29]","[2014/2 - 2014/2]","DASSO MONTERO FERNANDO",DIRECTOR,"PRESIDENTE DEL DIRECTORIO","2014 Febrero","2014 Febrero"
"PRIMA AFP S.A.","CCR Inc. MT-100 Payment Rights Master Trust","[2008-09-25 / 2017-11-29]","[2014/2 - 2014/2]","FERRARI DE LAS CASAS GIANFRANCO PIERO DARIO",DIRECTOR,DIRECTOR,"2014 Febrero","2014 Febrero"
"PRIMA AFP S.A.","CCR Inc. MT-100 Payment Rights Master Trust","[2010-03-04 / 2017-11-29]","[2014/2 - 2014/2]","RUBIO FEIJOO PEDRO",DIRECTOR,DIRECTOR,"2014 Febrero","2014 Febrero"
"PRIMA AFP S.A.","CCR Inc. MT-100 Payment Rights Master Trust","[2010-03-18 / 2013-03-21]","[2012/7 - 2013/3]","BAYLY LLONA WALTER","PRESIDENTE DEL DIRECTORIO","PRESIDENTE DEL DIRECTORIO","2012 Julio","2013 Noviembre"
"PRIMA AFP S.A.","CCR Inc. MT-100 Payment Rights Master Trust","[2008-06-02 / 2013-10-03]","[2012/7 - 2013/10]","CORREA MALACHOWSKI ALVARO",DIRECTOR,DIRECTOR,"2012 Julio","2013 Noviembre"
"PRIMA AFP S.A.","CCR Inc. MT-100 Payment Rights Master Trust","[2013-10-03 / 2017-11-29]","[2013/10 - 2013/11]","DASSO MONTERO FERNANDO",DIRECTOR,"PRESIDENTE DEL DIRECTORIO","2012 Julio","2013 Noviembre"
"PRIMA AFP S.A.","CCR Inc. MT-100 Payment Rights Master Trust","[2008-09-25 / 2017-11-29]","[2012/7 - 2013/11]","FERRARI DE LAS CASAS GIANFRANCO PIERO DARIO",DIRECTOR,DIRECTOR,"2012 Julio","2013 Noviembre"
"PRIMA AFP S.A.","CCR Inc. MT-100 Payment Rights Master Trust","[2010-03-04 / 2017-11-29]","[2012/7 - 2013/11]","RUBIO FEIJOO PEDRO",DIRECTOR,DIRECTOR,"2012 Julio","2013 Noviembre"
"PRIMA AFP S.A.","CCR Inc. MT-100 Payment Rights Master Trust","[2013-10-03 / 2017-11-29]","[2014/5 - 2017/2]","DASSO MONTERO FERNANDO",DIRECTOR,"PRESIDENTE DEL DIRECTORIO","2014 Mayo","2017 Febrero"
"PRIMA AFP S.A.","CCR Inc. MT-100 Payment Rights Master Trust","[2008-09-25 / 2017-11-29]","[2014/5 - 2017/2]","FERRARI DE LAS CASAS GIANFRANCO PIERO DARIO",DIRECTOR,DIRECTOR,"2014 Mayo","2017 Febrero"
"PRIMA AFP S.A.","CCR Inc. MT-100 Payment Rights Master Trust","[2010-03-04 / 2017-11-29]","[2014/5 - 2017/2]","RUBIO FEIJOO PEDRO",DIRECTOR,DIRECTOR,"2014 Mayo","2017 Febrero"
"PRIMA AFP S.A.","Cementos Pacasmayo S.A.A.","[2009-03-26 / 2010-03-03]","[2009/3 - 2009/12]","ROMERO PAOLETTI DIONISIO","PRESIDENTE DEL DIRECTORIO",DIRECTOR,"2005 Octubre","2009 Diciembre"
"PRIMA AFP S.A.","Cementos Pacasmayo S.A.A.","[2009-03-02 / 2009-03-26]","[2009/3 - 2009/3]","ROMERO PAOLETTI DIONISIO",DIRECTOR,DIRECTOR,"2005 Octubre","2009 Diciembre"
"PROFUTURO AFP",Citileasing,"[2001-01-30 / 2001-07-18]","[2001/1 - 2001/7]","ALVAREZ CALDERON MELENDEZ GUILLERMO MANUEL JESUS",DIRECTOR,DIRECTOR,"2000 Octubre","2004 Octubre"
"PROFUTURO AFP",Citileasing,"[2002-02-08 / 2003-09-05]","[2002/2 - 2003/9]","DEL RIO JIMENEZ MANUEL ARTURO","VICEPRESIDENTE DEL DIRECTORIO",DIRECTOR,"2000 Octubre","2004 Octubre"
"AFP HORIZONTE S.A.","Continental Sociedad Titulizadora S.A.","[2011-07-18 / 2017-11-29]","[2011/7 - 2013/7]","GONZALES CHIRINOS BRUNO","GTE DE MIDDLE OFFICE Y REG MCD","ASESOR LEGAL","2011 Mayo","2013 Julio"
"AFP HORIZONTE S.A.","Continental Sociedad Titulizadora S.A.","[2002-04-02 / 2002-10-17]","[2002/4 - 2002/10]","PELLEJERO COLLADO ENRIQUE","DIRECTOR SUPLENTE",DIRECTOR,"2002 Enero","2007 Mayo"
"AFP HORIZONTE S.A.","Continental Sociedad Titulizadora S.A.","[2002-10-17 / 2004-02-05]","[2002/10 - 2004/2]","PELLEJERO COLLADO ENRIQUE",DIRECTOR,DIRECTOR,"2002 Enero","2007 Mayo"
"AFP HORIZONTE S.A.","Continental Sociedad Titulizadora S.A.","[2008-12-17 / 2009-01-30]","[2008/12 - 2009/1]","CARRANZA JAHNSEN RAFAEL OSCAR",,"PRESIDENTE DEL DIRECTORIO","2007 Diciembre","2009 Noviembre"
"AFP HORIZONTE S.A.","Continental Sociedad Titulizadora S.A.","[2008-12-17 / 2009-01-30]","[2008/12 - 2009/1]","CARRANZA JAHNSEN RAFAEL OSCAR","GERENTE GENERAL","PRESIDENTE DEL DIRECTORIO","2007 Diciembre","2009 Noviembre"
"AFP HORIZONTE S.A.","Continental Sociedad Titulizadora S.A.","[2008-12-17 / 2009-01-30]","[2008/12 - 2009/1]","CARRANZA JAHNSEN RAFAEL OSCAR",DIRECTOR,"PRESIDENTE DEL DIRECTORIO","2007 Diciembre","2009 Noviembre"
"PROFUTURO AFP","Corporacion Financiera de Desarrollo","[2008-12-15 / 2009-01-14]","[2008/12 - 2009/1]","GRADOS SMITH PEDRO LUIS TIRSO","GERENTE DE INVERSIONES",DIRECTOR,"2000 Enero","2009 Diciembre"
"PRIMA AFP S.A.","Credicorp Capital Sociedad Titulizadora S.A.","[2007-03-28 / 2008-02-29]","[2007/3 - 2008/2]","CIGÜEÑAS GUEVARA BENEDICTO",DIRECTOR,DIRECTOR,"2005 Octubre","2009 Noviembre"
"PRIMA AFP S.A.","Credicorp Capital Sociedad Titulizadora S.A.","[2009-04-22 / 2010-03-03]","[2009/4 - 2009/11]","ROMERO PAOLETTI DIONISIO","PRESIDENTE DEL DIRECTORIO","PRESIDENTE DEL DIRECTORIO","2005 Octubre","2009 Noviembre"
"PRIMA AFP S.A.","Credicorp Capital Sociedad Titulizadora S.A.","[2009-03-26 / 2009-04-22]","[2009/3 - 2009/4]","ROMERO PAOLETTI DIONISIO","PRESIDENTE DEL DIRECTORIO","VICEPRESIDENTE DEL DIRECTORIO","2005 Octubre","2009 Noviembre"
"PRIMA AFP S.A.","Credicorp Capital Sociedad Titulizadora S.A.","[2009-03-02 / 2009-03-26]","[2009/3 - 2009/3]","ROMERO PAOLETTI DIONISIO",DIRECTOR,"VICEPRESIDENTE DEL DIRECTORIO","2005 Octubre","2009 Noviembre"
"PRIMA AFP S.A.","Credicorp Capital Sociedad Titulizadora S.A.","[2008-03-27 / 2009-03-02]","[2008/3 - 2009/3]","ROMERO SEMINARIO DIONISIO FERNANDO","PRESIDENTE DEL DIRECTORIO","PRESIDENTE DEL DIRECTORIO","2005 Octubre","2009 Noviembre"
"PRIMA AFP S.A.","Credicorp Capital Sociedad Titulizadora S.A.","[2008-02-29 / 2008-03-27]","[2008/2 - 2008/3]","ROMERO SEMINARIO DIONISIO FERNANDO",DIRECTOR,"PRESIDENTE DEL DIRECTORIO","2005 Octubre","2009 Noviembre"
"AFP UNION VIDA S A","Credicorp LTD.","[2006-08-25 / 2015-04-22]","[2006/8 - 2006/11]","FERRARI QUIÑE MARIO ALBERTO",DIRECTOR,,"2000 Enero","2006 Noviembre"
"PRIMA AFP S.A.","Credicorp LTD.","[2013-10-01 / 2017-11-29]","[2015/12 - 2016/1]","DASSO MONTERO FERNANDO",DIRECTOR,"GERENTE DE FINANZAS","2015 Diciembre","2016 Enero"
"PRIMA AFP S.A.","Credicorp LTD.","[2007-03-28 / 2008-02-29]","[2007/3 - 2008/2]","BAYLY LLONA WALTER","VICEPRESIDENTE DEL DIRECTORIO","GTE. FINANZAS Y CONTABILIDAD","2005 Octubre","2009 Diciembre"
"PRIMA AFP S.A.","Credicorp LTD.","[2005-11-24 / 2007-03-28]","[2005/11 - 2007/3]","BAYLY LLONA WALTER",DIRECTOR,"GTE. FINANZAS Y CONTABILIDAD","2005 Octubre","2009 Diciembre"
"PRIMA AFP S.A.","Credicorp LTD.","[2008-03-28 / 2013-09-30]","[2008/3 - 2009/12]","CORREA MALACHOWSKI ALVARO",DIRECTOR,"GTE. FINANZAS Y CONTABILIDAD","2005 Octubre","2009 Diciembre"
"PRIMA AFP S.A.","Credicorp LTD.","[2009-03-31 / 2010-03-03]","[2009/3 - 2009/12]","ROMERO PAOLETTI DIONISIO","PRESIDENTE DEL DIRECTORIO","PRESIDENTE DEL DIRECTORIO","2005 Octubre","2009 Diciembre"
"PRIMA AFP S.A.","Credicorp LTD.","[2009-03-31 / 2010-03-03]","[2009/3 - 2009/12]","ROMERO PAOLETTI DIONISIO","PRESIDENTE DEL DIRECTORIO","PRESIDENTE EJECUTIVO","2005 Octubre","2009 Diciembre"
"PRIMA AFP S.A.","Credicorp LTD.","[2010-03-18 / 2013-03-21]","[2011/1 - 2013/3]","BAYLY LLONA WALTER","PRESIDENTE DEL DIRECTORIO","GERENTE GENERAL","2011 Enero","2015 Julio"
"PRIMA AFP S.A.","Credicorp LTD.","[2013-10-01 / 2013-10-09]","[2013/10 - 2013/10]","CORREA MALACHOWSKI ALVARO",DIRECTOR,"GERENTE DE SEGUROS","2011 Enero","2015 Julio"
"PRIMA AFP S.A.","Credicorp LTD.","[2008-03-28 / 2013-09-30]","[2011/1 - 2013/9]","CORREA MALACHOWSKI ALVARO",DIRECTOR,"GTE. FINANZAS Y CONTABILIDAD","2011 Enero","2015 Julio"
"PRIMA AFP S.A.","Credicorp LTD.","[2013-10-01 / 2017-11-29]","[2013/10 - 2015/7]","DASSO MONTERO FERNANDO",DIRECTOR,"GERENTE DE FINANZAS","2011 Enero","2015 Julio"
"PRIMA AFP S.A.","Credicorp LTD.","[2013-10-01 / 2017-11-29]","[2016/8 - 2017/1]","DASSO MONTERO FERNANDO",DIRECTOR,"GERENTE DE FINANZAS","2016 Agosto","2017 Enero"
"PRIMA AFP S.A.","Credicorp LTD.","[2016-06-24 / 2017-11-29]","[2016/8 - 2017/1]","DASSO MONTERO FERNANDO",DIRECTOR,,"2016 Agosto","2017 Enero"
"PRIMA AFP S.A.","Credicorp LTD.","[2010-03-18 / 2013-03-21]","[2010/6 - 2010/6]","BAYLY LLONA WALTER","PRESIDENTE DEL DIRECTORIO","GERENTE GENERAL","2010 Junio","2010 Junio"
"PRIMA AFP S.A.","Credicorp LTD.","[2008-03-28 / 2013-09-30]","[2010/6 - 2010/6]","CORREA MALACHOWSKI ALVARO",DIRECTOR,"GTE. FINANZAS Y CONTABILIDAD","2010 Junio","2010 Junio"
"PRIMA AFP S.A.","Credicorp LTD.","[2013-10-01 / 2017-11-29]","[2015/9 - 2015/10]","DASSO MONTERO FERNANDO",DIRECTOR,"GERENTE DE FINANZAS","2015 Setiembre","2015 Octubre"
"PROFUTURO AFP","Crediscotia Financiera","[2008-09-12 / 2010-03-30]","[2008/10 - 2009/6]","CALDA GIURATO RAFAEL MARIO",DIRECTOR,"DIRECTOR ALTERNO","2008 Octubre","2009 Junio"
"PROFUTURO AFP","Crediscotia Financiera","[2009-03-31 / 2011-03-31]","[2009/3 - 2009/6]","COATE - MICHAEL","DIRECTOR ALTERNO",DIRECTOR,"2008 Octubre","2009 Junio"
"PROFUTURO AFP","Crediscotia Financiera","[2008-07-15 / 2010-03-19]","[2008/10 - 2009/6]","DE LA FELD  HUBERT",DIRECTOR,DIRECTOR,"2008 Octubre","2009 Junio"
"PROFUTURO AFP","Crediscotia Financiera","[2009-03-31 / 2010-03-19]","[2009/3 - 2009/6]","GONZALEZ TABOADA CARLOS","VICEPRESIDENTE DEL DIRECTORIO",DIRECTOR,"2008 Octubre","2009 Junio"
"PROFUTURO AFP","Crediscotia Financiera","[2008-07-15 / 2009-03-31]","[2008/10 - 2009/3]","GONZALEZ TABOADA CARLOS","VICEPRESIDENTE DEL DIRECTORIO","PRESIDENTE DEL DIRECTORIO","2008 Octubre","2009 Junio"
"PROFUTURO AFP","Crediscotia Financiera","[2008-07-15 / 2009-03-27]","[2008/10 - 2009/3]","PARRA ERKEL LUIS","DIRECTOR ALTERNO",DIRECTOR,"2008 Octubre","2009 Junio"
"PROFUTURO AFP","Crediscotia Financiera","[2008-09-12 / 2011-03-31]","[2008/10 - 2009/6]","RIVADENEIRA GASTAÑETA FRANCISCO GUILLERMO","DIRECTOR ALTERNO","DIRECTOR ALTERNO","2008 Octubre","2009 Junio"
"PROFUTURO AFP","Crediscotia Financiera","[2017-01-31 / 2017-11-29]","[2017/1 - 2017/2]","ARAMBURU ARIAS IGNACIO",DIRECTOR,DIRECTOR,"2011 Enero","2017 Febrero"
"PROFUTURO AFP","Crediscotia Financiera","[2010-03-30 / 2012-08-06]","[2011/1 - 2012/8]","CALDA GIURATO RAFAEL MARIO",DIRECTOR,DIRECTOR,"2011 Enero","2017 Febrero"
"PROFUTURO AFP","Crediscotia Financiera","[2010-03-19 / 2015-07-06]","[2011/1 - 2015/7]","CALDERON HERRADA CESAR ERNESTO",DIRECTOR,DIRECTOR,"2011 Enero","2017 Febrero"
"PROFUTURO AFP","Crediscotia Financiera","[2009-03-31 / 2011-03-31]","[2011/1 - 2011/3]","COATE - MICHAEL","DIRECTOR ALTERNO",DIRECTOR,"2011 Enero","2017 Febrero"
"PROFUTURO AFP","Crediscotia Financiera","[2012-03-30 / 2012-10-23]","[2012/3 - 2012/10]","COATE  MICHAEL BRADLEY","DIRECTOR SUPLENTE",DIRECTOR,"2011 Enero","2017 Febrero"
"PROFUTURO AFP","Crediscotia Financiera","[2010-04-30 / 2011-03-30]","[2011/1 - 2011/3]","DE LA FELD  HUBERT","VICEPRESIDENTE DEL DIRECTORIO","VICEPRESIDENTE DEL DIRECTORIO","2011 Enero","2017 Febrero"
"PROFUTURO AFP","Crediscotia Financiera","[2016-03-29 / 2016-03-31]","[2016/3 - 2016/3]","MEEK  JAMES TULLY","VICEPRESIDENTE DEL DIRECTORIO","VICEPRESIDENTE DEL DIRECTORIO","2011 Enero","2017 Febrero"
"PROFUTURO AFP","Crediscotia Financiera","[2015-07-06 / 2016-03-29]","[2015/7 - 2016/3]","MEEK  JAMES TULLY",DIRECTOR,"VICEPRESIDENTE DEL DIRECTORIO","2011 Enero","2017 Febrero"
"PROFUTURO AFP","Crediscotia Financiera","[2008-09-12 / 2011-03-31]","[2011/1 - 2011/3]","RIVADENEIRA GASTAÑETA FRANCISCO GUILLERMO","DIRECTOR ALTERNO","DIRECTOR ALTERNO","2011 Enero","2017 Febrero"
"PROFUTURO AFP","Crediscotia Financiera","[2011-03-31 / 2016-03-29]","[2011/3 - 2016/3]","RIVADENEIRA GASTAÑETA FRANCISCO GUILLERMO",DIRECTOR,"DIRECTOR ALTERNO","2011 Enero","2017 Febrero"
"PROFUTURO AFP","Crediscotia Financiera","[2012-10-31 / 2016-03-29]","[2012/10 - 2016/3]","ROSAS FERRECCIO YVAN VICENTE","DIRECTOR SUPLENTE",DIRECTOR,"2011 Enero","2017 Febrero"
"PROFUTURO AFP","Crediscotia Financiera","[2011-03-31 / 2012-10-23]","[2011/3 - 2012/10]","SANTA MARIA STEIN JUAN MANUEL","DIRECTOR SUPLENTE",DIRECTOR,"2011 Enero","2017 Febrero"
"PROFUTURO AFP","Crediscotia Financiera","[2010-03-19 / 2011-03-31]","[2011/1 - 2011/3]","SANTA MARIA STEIN JUAN MANUEL","DIRECTOR ALTERNO",DIRECTOR,"2011 Enero","2017 Febrero"
"PROFUTURO AFP","Crediscotia Financiera","[2012-10-23 / 2015-02-16]","[2012/10 - 2015/2]","SANTA MARIA STEIN JUAN MANUEL",DIRECTOR,DIRECTOR,"2011 Enero","2017 Febrero"
"PROFUTURO AFP","Crediscotia Financiera","[2015-03-31 / 2015-04-29]","[2015/3 - 2015/4]","UCCELLI LABARTHE MIGUEL","VICEPRESIDENTE DEL DIRECTORIO",DIRECTOR,"2011 Enero","2017 Febrero"
"PROFUTURO AFP","Crediscotia Financiera","[2015-04-29 / 2016-03-29]","[2015/4 - 2016/3]","UCCELLI LABARTHE MIGUEL","VICEPRESIDENTE DEL DIRECTORIO","PRESIDENTE DEL DIRECTORIO","2011 Enero","2017 Febrero"
"PROFUTURO AFP","Crediscotia Financiera","[2016-03-29 / 2016-03-31]","[2016/3 - 2016/3]","UCCELLI LABARTHE MIGUEL","PRESIDENTE DEL DIRECTORIO","PRESIDENTE DEL DIRECTORIO","2011 Enero","2017 Febrero"
"PRIMA AFP S.A.","Credito Leasing S.A.- Credileasing","[2007-03-26 / 2008-02-29]","[2007/3 - 2008/2]","CIGÜEÑAS GUEVARA BENEDICTO",DIRECTOR,DIRECTOR,"2005 Octubre","2008 Junio"
"PRIMA AFP S.A.","Credito Leasing S.A.- Credileasing","[2009-04-22 / 2010-03-03]","[2009/4 - 2009/9]","ROMERO PAOLETTI DIONISIO","PRESIDENTE DEL DIRECTORIO","PRESIDENTE DEL DIRECTORIO","2008 Noviembre","2009 Setiembre"
"PRIMA AFP S.A.","Credito Leasing S.A.- Credileasing","[2009-03-26 / 2009-04-22]","[2009/3 - 2009/4]","ROMERO PAOLETTI DIONISIO","PRESIDENTE DEL DIRECTORIO","VICEPRESIDENTE DEL DIRECTORIO","2008 Noviembre","2009 Setiembre"
"PRIMA AFP S.A.","Credito Leasing S.A.- Credileasing","[2009-03-02 / 2009-03-26]","[2009/3 - 2009/3]","ROMERO PAOLETTI DIONISIO",DIRECTOR,"VICEPRESIDENTE DEL DIRECTORIO","2008 Noviembre","2009 Setiembre"
"PRIMA AFP S.A.","Edyficar S.A.","[2009-10-27 / 2013-10-09]","[2011/8 - 2011/8]","CORREA MALACHOWSKI ALVARO",DIRECTOR,DIRECTOR,"2011 Agosto","2011 Agosto"
"PRIMA AFP S.A.","Edyficar S.A.","[2009-10-27 / 2017-11-29]","[2011/8 - 2011/8]","DASSO MONTERO FERNANDO",DIRECTOR,DIRECTOR,"2011 Agosto","2011 Agosto"
"PRIMA AFP S.A.","Edyficar S.A.","[2010-03-31 / 2017-11-29]","[2011/8 - 2011/8]","FERRARI DE LAS CASAS GIANFRANCO PIERO DARIO",DIRECTOR,"PRESIDENTE DEL DIRECTORIO","2011 Agosto","2011 Agosto"
"PRIMA AFP S.A.","Edyficar S.A.","[2009-10-27 / 2013-10-09]","[2011/1 - 2011/6]","CORREA MALACHOWSKI ALVARO",DIRECTOR,DIRECTOR,"2011 Enero","2011 Junio"
"PRIMA AFP S.A.","Edyficar S.A.","[2009-10-27 / 2017-11-29]","[2011/1 - 2011/6]","DASSO MONTERO FERNANDO",DIRECTOR,DIRECTOR,"2011 Enero","2011 Junio"
"PRIMA AFP S.A.","Edyficar S.A.","[2010-03-31 / 2017-11-29]","[2011/1 - 2011/6]","FERRARI DE LAS CASAS GIANFRANCO PIERO DARIO",DIRECTOR,"PRESIDENTE DEL DIRECTORIO","2011 Enero","2011 Junio"
"PRIMA AFP S.A.","Edyficar S.A.","[2009-10-27 / 2013-10-09]","[2011/10 - 2013/10]","CORREA MALACHOWSKI ALVARO",DIRECTOR,DIRECTOR,"2011 Octubre","2016 Junio"
"PRIMA AFP S.A.","Edyficar S.A.","[2009-10-27 / 2017-11-29]","[2011/10 - 2016/6]","DASSO MONTERO FERNANDO",DIRECTOR,DIRECTOR,"2011 Octubre","2016 Junio"
"PRIMA AFP S.A.","Edyficar S.A.","[2010-03-31 / 2017-11-29]","[2011/10 - 2016/6]","FERRARI DE LAS CASAS GIANFRANCO PIERO DARIO",DIRECTOR,"PRESIDENTE DEL DIRECTORIO","2011 Octubre","2016 Junio"
"AFP HABITAT S.A.","Enel Distribución Perú S.A.A.","[2013-05-30 / 2015-03-23]","[2013/7 - 2015/3]","BLUME CILLONIZ MARIA CECILIA",DIRECTOR,DIRECTOR,"2013 Julio","2017 Febrero"
"AFP INTEGRA.","Enel Generación Perú S.A.A.","[2003-03-21 / 2007-03-21]","[2003/3 - 2007/3]","DU BOIS FREUND FRITZ PAUL FELIX",DIRECTOR,DIRECTOR,"2000 Enero","2009 Diciembre"
"AFP INTEGRA.","Enel Generación Perú S.A.A.","[2003-01-16 / 2003-03-21]","[2003/1 - 2003/3]","DU BOIS FREUND FRITZ PAUL FELIX",DIRECTOR,"DIRECTOR ALTERNO","2000 Enero","2009 Diciembre"
"AFP INTEGRA.","Enel Generación Perú S.A.A.","[2007-01-16 / 2008-12-15]","[2007/1 - 2008/12]","DU BOIS FREUND FRITZ PAUL FELIX",DIRECTOR,"VICEPRESIDENTE DEL DIRECTORIO","2000 Enero","2009 Diciembre"
"PROFUTURO AFP","Ferreycorp S.A.A.","[2008-03-26 / 2011-03-31]","[2010/6 - 2010/6]","ESPINOSA BEDOYA OSCAR GUILLERMO",DIRECTOR,"PRESIDENTE DEL DIRECTORIO","2010 Junio","2010 Junio"
"PROFUTURO AFP","Ferreycorp S.A.A.","[2008-03-26 / 2008-03-26]","[2008/3 - 2008/3]","ESPINOSA BEDOYA OSCAR GUILLERMO",DIRECTOR,DIRECTOR,"2000 Enero","2009 Diciembre"
"PROFUTURO AFP","Ferreycorp S.A.A.","[2008-03-26 / 2011-03-31]","[2008/3 - 2009/12]","ESPINOSA BEDOYA OSCAR GUILLERMO",DIRECTOR,"PRESIDENTE DEL DIRECTORIO","2000 Enero","2009 Diciembre"
"PROFUTURO AFP","Ferreycorp S.A.A.","[2008-03-26 / 2010-03-19]","[2008/3 - 2009/12]","PEÑA ROCA JUAN MANUEL",DIRECTOR,DIRECTOR,"2000 Enero","2009 Diciembre"
"PROFUTURO AFP","Ferreycorp S.A.A.","[2003-07-11 / 2010-03-19]","[2003/7 - 2009/12]","VON WEDEMEYER KNIGGE ANDREAS WOLFGANG","PRESIDENTE DEL DIRECTORIO",DIRECTOR,"2000 Enero","2009 Diciembre"
"PROFUTURO AFP","Ferreycorp S.A.A.","[2007-06-19 / 2007-06-19]","[2007/6 - 2007/6]","VON WEDEMEYER KNIGGE ANDREAS WOLFGANG","MIEM.  COM.  AUDIT. INTERNA",DIRECTOR,"2000 Enero","2009 Diciembre"
"PROFUTURO AFP","Ferreycorp S.A.A.","[2008-03-26 / 2011-03-31]","[2011/1 - 2011/3]","ESPINOSA BEDOYA OSCAR GUILLERMO",DIRECTOR,"PRESIDENTE DEL DIRECTORIO","2011 Enero","2017 Febrero"
"AFP INTEGRA.","Hochschild Mining Plc","[2009-01-29 / 2012-12-05]","[2011/6 - 2012/12]","DAÑINO ZAPATA ROBERTO ENRIQUE",DIRECTOR,"VICEPRESIDENTE DEL DIRECTORIO","2011 Junio","2015 Noviembre"
"PRIMA AFP S.A.","Inversiones Centenario S.A.A.","[2009-03-26 / 2010-03-03]","[2009/3 - 2009/12]","ROMERO PAOLETTI DIONISIO","PRESIDENTE DEL DIRECTORIO","VICEPRESIDENTE DEL DIRECTORIO","2006 Enero","2009 Diciembre"
"PRIMA AFP S.A.","Inversiones Centenario S.A.A.","[2009-03-02 / 2009-03-26]","[2009/3 - 2009/3]","ROMERO PAOLETTI DIONISIO",DIRECTOR,"VICEPRESIDENTE DEL DIRECTORIO","2006 Enero","2009 Diciembre"
"PROFUTURO AFP","Macrocapitales SAFI S.A","[2016-11-08 / 2017-03-27]","[2016/11 - 2017/2]","SALAZAR OLIVARES RAUL TEMISTOCLES",DIRECTOR,DIRECTOR,"2014 Mayo","2017 Febrero"
"AFP INTEGRA.",Mibanco,"[2009-01-29 / 2012-12-05]","[2009/1 - 2009/12]","DAÑINO ZAPATA ROBERTO ENRIQUE",DIRECTOR,DIRECTOR,"2003 Enero","2009 Diciembre"
"AFP INTEGRA.",Mibanco,"[2009-01-29 / 2012-12-05]","[2010/6 - 2010/6]","DAÑINO ZAPATA ROBERTO ENRIQUE",DIRECTOR,DIRECTOR,"2010 Junio","2010 Junio"
"AFP INTEGRA.",Mibanco,"[2009-01-29 / 2012-12-05]","[2011/1 - 2012/10]","DAÑINO ZAPATA ROBERTO ENRIQUE",DIRECTOR,DIRECTOR,"2011 Enero","2012 Octubre"
"AFP INTEGRA.",Mibanco,"[2009-01-29 / 2012-12-05]","[2012/12 - 2012/12]","DAÑINO ZAPATA ROBERTO ENRIQUE",DIRECTOR,DIRECTOR,"2012 Diciembre","2017 Febrero"
"PRIMA AFP S.A.",Mibanco,"[2014-03-27 / 2017-11-29]","[2016/6 - 2017/2]","DASSO MONTERO FERNANDO",DIRECTOR,DIRECTOR,"2016 Junio","2017 Febrero"
"PRIMA AFP S.A.",Mibanco,"[2015-04-15 / 2017-11-29]","[2016/6 - 2017/2]","FERRARI DE LAS CASAS GIANFRANCO PIERO DARIO",DIRECTOR,"VICEPRESIDENTE DEL DIRECTORIO","2016 Junio","2017 Febrero"
"PRIMA AFP S.A.","Palmas del Espino","[2009-03-26 / 2010-03-03]","[2009/3 - 2009/12]","ROMERO PAOLETTI DIONISIO","PRESIDENTE DEL DIRECTORIO","PRESIDENTE DEL DIRECTORIO","2007 Diciembre","2009 Diciembre"
"PRIMA AFP S.A.","Palmas del Espino","[2009-03-02 / 2009-03-26]","[2009/3 - 2009/3]","ROMERO PAOLETTI DIONISIO",DIRECTOR,"PRESIDENTE DEL DIRECTORIO","2007 Diciembre","2009 Diciembre"
"PROFUTURO AFP","Quimpac S.A.","[2008-06-19 / 2017-03-27]","[2008/6 - 2009/12]","SALAZAR OLIVARES RAUL TEMISTOCLES",DIRECTOR,DIRECTOR,"2004 Febrero","2009 Diciembre"
"PROFUTURO AFP","Quimpac S.A.","[2008-06-19 / 2017-03-27]","[2010/6 - 2010/6]","SALAZAR OLIVARES RAUL TEMISTOCLES",DIRECTOR,DIRECTOR,"2010 Junio","2010 Junio"
"PROFUTURO AFP","Quimpac S.A.","[2008-06-19 / 2017-03-27]","[2011/1 - 2011/1]","SALAZAR OLIVARES RAUL TEMISTOCLES",DIRECTOR,DIRECTOR,"2011 Enero","2011 Enero"
"PROFUTURO AFP","Refinería la Pampilla S.A.","[2005-02-01 / 2005-03-23]","[2005/2 - 2005/3]","HERRERA VASQUEZ EDUARDO MARTIN","GERENTE DE INVERSIONES","DIRECTOR ALTERNO","2004 Marzo","2009 Diciembre"
"PROFUTURO AFP","Scotia Sociedad Titulizadora S.A.","[2010-03-19 / 2015-07-06]","[2014/2 - 2014/2]","CALDERON HERRADA CESAR ERNESTO",DIRECTOR,DIRECTOR,"2014 Febrero","2014 Febrero"
"PROFUTURO AFP","Scotia Sociedad Titulizadora S.A.","[2012-12-31 / 2016-03-29]","[2014/2 - 2014/2]","ROSAS FERRECCIO YVAN VICENTE","DIRECTOR SUPLENTE",DIRECTOR,"2014 Febrero","2014 Febrero"
"PROFUTURO AFP","Scotia Sociedad Titulizadora S.A.","[2010-03-19 / 2015-07-06]","[2011/1 - 2011/3]","CALDERON HERRADA CESAR ERNESTO",DIRECTOR,DIRECTOR,"2011 Enero","2011 Marzo"
"PROFUTURO AFP","Scotia Sociedad Titulizadora S.A.","[2011-03-31 / 2012-10-23]","[2011/3 - 2011/3]","COATE  MICHAEL BRADLEY","DIRECTOR SUPLENTE",DIRECTOR,"2011 Enero","2011 Marzo"
"PROFUTURO AFP","Scotia Sociedad Titulizadora S.A.","[2011-03-31 / 2011-03-31]","[2011/3 - 2011/3]","COATE  MICHAEL BRADLEY",DIRECTOR,DIRECTOR,"2011 Enero","2011 Marzo"
"PROFUTURO AFP","Scotia Sociedad Titulizadora S.A.","[2010-04-14 / 2013-03-26]","[2011/1 - 2011/3]","DE LA FELD  HUBERT","VICEPRESIDENTE DEL DIRECTORIO","VICEPRESIDENTE DEL DIRECTORIO","2011 Enero","2011 Marzo"
"PROFUTURO AFP","Scotia Sociedad Titulizadora S.A.","[2010-03-19 / 2013-03-26]","[2011/1 - 2011/3]","GONZALEZ TABOADA CARLOS","PRESIDENTE DEL DIRECTORIO","PRESIDENTE DEL DIRECTORIO","2011 Enero","2011 Marzo"
"PROFUTURO AFP","Scotia Sociedad Titulizadora S.A.","[2010-03-19 / 2015-07-06]","[2010/6 - 2010/6]","CALDERON HERRADA CESAR ERNESTO",DIRECTOR,DIRECTOR,"2010 Junio","2010 Junio"
"PROFUTURO AFP","Scotia Sociedad Titulizadora S.A.","[2010-04-14 / 2013-03-26]","[2010/6 - 2010/6]","DE LA FELD  HUBERT","VICEPRESIDENTE DEL DIRECTORIO","VICEPRESIDENTE DEL DIRECTORIO","2010 Junio","2010 Junio"
"PROFUTURO AFP","Scotia Sociedad Titulizadora S.A.","[2010-03-19 / 2013-03-26]","[2010/6 - 2010/6]","GONZALEZ TABOADA CARLOS","PRESIDENTE DEL DIRECTORIO","PRESIDENTE DEL DIRECTORIO","2010 Junio","2010 Junio"
"PROFUTURO AFP","Scotia Sociedad Titulizadora S.A.","[2017-01-31 / 2017-11-29]","[2017/1 - 2017/2]","ARAMBURU ARIAS IGNACIO",DIRECTOR,DIRECTOR,"2014 Mayo","2017 Febrero"
"PROFUTURO AFP","Scotia Sociedad Titulizadora S.A.","[2010-03-19 / 2015-07-06]","[2014/5 - 2015/7]","CALDERON HERRADA CESAR ERNESTO",DIRECTOR,DIRECTOR,"2014 Mayo","2017 Febrero"
"PROFUTURO AFP","Scotia Sociedad Titulizadora S.A.","[2012-12-31 / 2016-03-29]","[2014/5 - 2016/3]","ROSAS FERRECCIO YVAN VICENTE","DIRECTOR SUPLENTE",DIRECTOR,"2014 Mayo","2017 Febrero"
"PROFUTURO AFP","Scotia Sociedad Titulizadora S.A.","[2015-04-14 / 2016-03-29]","[2015/4 - 2016/3]","UCCELLI LABARTHE MIGUEL","VICEPRESIDENTE DEL DIRECTORIO","PRESIDENTE DEL DIRECTORIO","2014 Mayo","2017 Febrero"
"PROFUTURO AFP","Scotia Sociedad Titulizadora S.A.","[2016-03-29 / 2017-03-27]","[2016/3 - 2017/2]","UCCELLI LABARTHE MIGUEL","PRESIDENTE DEL DIRECTORIO","PRESIDENTE DEL DIRECTORIO","2014 Mayo","2017 Febrero"
"PROFUTURO AFP","Scotia Sociedad Titulizadora S.A.","[2016-04-11 / 2017-01-30]","[2016/4 - 2017/1]","VIOLA STELLA ERNESTO MARIO",DIRECTOR,DIRECTOR,"2014 Mayo","2017 Febrero"
"PROFUTURO AFP","Scotia Sociedad Titulizadora S.A.","[2010-03-19 / 2015-07-06]","[2011/5 - 2013/11]","CALDERON HERRADA CESAR ERNESTO",DIRECTOR,DIRECTOR,"2011 Mayo","2013 Noviembre"
"PROFUTURO AFP","Scotia Sociedad Titulizadora S.A.","[2011-03-31 / 2012-10-23]","[2011/5 - 2012/10]","COATE  MICHAEL BRADLEY","DIRECTOR SUPLENTE",DIRECTOR,"2011 Mayo","2013 Noviembre"
"PROFUTURO AFP","Scotia Sociedad Titulizadora S.A.","[2010-04-14 / 2013-03-26]","[2011/5 - 2013/3]","DE LA FELD  HUBERT","VICEPRESIDENTE DEL DIRECTORIO","VICEPRESIDENTE DEL DIRECTORIO","2011 Mayo","2013 Noviembre"
"PROFUTURO AFP","Scotia Sociedad Titulizadora S.A.","[2010-03-19 / 2013-03-26]","[2011/5 - 2013/3]","GONZALEZ TABOADA CARLOS","PRESIDENTE DEL DIRECTORIO","PRESIDENTE DEL DIRECTORIO","2011 Mayo","2013 Noviembre"
"PROFUTURO AFP","Scotia Sociedad Titulizadora S.A.","[2012-12-31 / 2016-03-29]","[2012/12 - 2013/11]","ROSAS FERRECCIO YVAN VICENTE","DIRECTOR SUPLENTE",DIRECTOR,"2011 Mayo","2013 Noviembre"
"PROFUTURO AFP","Scotia Sociedad Titulizadora S.A.","[2008-06-27 / 2010-03-19]","[2008/6 - 2009/11]","GONZALEZ TABOADA CARLOS","VICEPRESIDENTE DEL DIRECTORIO","PRESIDENTE DEL DIRECTORIO","2004 Febrero","2009 Noviembre"
"PROFUTURO AFP","Scotia Sociedad Titulizadora S.A.","[2008-06-19 / 2008-06-27]","[2008/6 - 2008/6]","GONZALEZ TABOADA CARLOS",DIRECTOR,"PRESIDENTE DEL DIRECTORIO","2004 Febrero","2009 Noviembre"
"PROFUTURO AFP","Scotia Sociedad Titulizadora S.A.","[2008-06-19 / 2010-03-19]","[2008/6 - 2009/11]","SARDON DE TABOADA FRANCISCO JAVIER",DIRECTOR,"VICEPRESIDENTE DEL DIRECTORIO","2004 Febrero","2009 Noviembre"
"AFP HORIZONTE S.A.","Scotiabank del Perú","[2013-04-23 / 2017-11-29]","[2013/4 - 2013/8]","ALARCON CACERES RINA CELIA","DIRECTOR SUPLENTE","VICEP. RECURSOS HUMANOS","2011 Enero","2013 Agosto"
"AFP HORIZONTE S.A.","Scotiabank del Perú","[2013-04-23 / 2015-12-31]","[2013/4 - 2013/8]","CALDERON HERRADA CESAR ERNESTO",DIRECTOR,"VICEPRES.SENIOR OPER Y ADM.","2011 Enero","2013 Agosto"
"AFP HORIZONTE S.A.","Scotiabank del Perú","[2013-04-23 / 2015-03-31]","[2013/4 - 2013/8]","GONZALEZ TABOADA CARLOS","PRESIDENTE DEL DIRECTORIO","GERENTE GENERAL","2011 Enero","2013 Agosto"
"AFP HORIZONTE S.A.","Scotiabank del Perú","[2013-04-23 / 2015-03-31]","[2013/4 - 2013/8]","GONZALEZ TABOADA CARLOS","PRESIDENTE DEL DIRECTORIO",,"2011 Enero","2013 Agosto"
"AFP HORIZONTE S.A.","Scotiabank del Perú","[2013-04-23 / 2017-11-29]","[2013/4 - 2013/8]","RIVADENEIRA GASTAÑETA FRANCISCO GUILLERMO","DIRECTOR SUPLENTE",,"2011 Enero","2013 Agosto"
"AFP HORIZONTE S.A.","Scotiabank del Perú","[2013-04-23 / 2015-12-31]","[2013/4 - 2013/8]","ROSAS FERRECCIO YVAN VICENTE",DIRECTOR,"VICEP. CHIEF FINANCIAL OFFICER","2011 Enero","2013 Agosto"
"PROFUTURO AFP","Scotiabank del Perú","[2008-06-19 / 2009-09-24]","[2008/6 - 2009/9]","CALDA GIURATO RAFAEL MARIO",DIRECTOR,"VICEP. TARJ. CRED. Y DEB.","2000 Enero","2009 Diciembre"
"PROFUTURO AFP","Scotiabank del Perú","[2009-09-24 / 2012-08-06]","[2009/9 - 2009/12]","CALDA GIURATO RAFAEL MARIO",DIRECTOR,"VICEP.SENIOR BANCA RETAIL","2000 Enero","2009 Diciembre"
"PROFUTURO AFP","Scotiabank del Perú","[2009-03-27 / 2011-03-31]","[2009/3 - 2009/12]","COATE - MICHAEL","DIRECTOR ALTERNO","VICEP. FINANZAS","2000 Enero","2009 Diciembre"
"PROFUTURO AFP","Scotiabank del Perú","[2008-06-19 / 2009-09-24]","[2008/6 - 2009/9]","DE LA FELD  HUBERT",DIRECTOR,"VICEP. SENIOR BANCA RETAIL","2000 Enero","2009 Diciembre"
"PROFUTURO AFP","Scotiabank del Perú","[2009-09-24 / 2010-03-19]","[2009/9 - 2009/12]","DE LA FELD  HUBERT",DIRECTOR,"VICEP.SENIOR BCA CORP MERC CAP","2000 Enero","2009 Diciembre"
"PROFUTURO AFP","Scotiabank del Perú","[2008-06-27 / 2010-03-19]","[2008/6 - 2009/12]","GONZALEZ TABOADA CARLOS","VICEPRESIDENTE DEL DIRECTORIO","GERENTE GENERAL","2000 Enero","2009 Diciembre"
"PROFUTURO AFP","Scotiabank del Perú","[2008-06-19 / 2008-06-27]","[2008/6 - 2008/6]","GONZALEZ TABOADA CARLOS",DIRECTOR,"GERENTE GENERAL","2000 Enero","2009 Diciembre"
"PROFUTURO AFP","Scotiabank del Perú","[2008-06-27 / 2010-03-19]","[2008/6 - 2009/12]","GONZALEZ TABOADA CARLOS","VICEPRESIDENTE DEL DIRECTORIO",,"2000 Enero","2009 Diciembre"
"PROFUTURO AFP","Scotiabank del Perú","[2008-06-19 / 2008-06-27]","[2008/6 - 2008/6]","GONZALEZ TABOADA CARLOS",DIRECTOR,,"2000 Enero","2009 Diciembre"
"PROFUTURO AFP","Scotiabank del Perú","[2009-03-26 / 2010-03-19]","[2009/3 - 2009/12]","HERNANDEZ - CLAUDIO RUBEN","DIRECTOR ALTERNO","DIRECTOR ALTERNO","2000 Enero","2009 Diciembre"
"PROFUTURO AFP","Scotiabank del Perú","[2008-06-19 / 2008-06-27]","[2008/6 - 2008/6]","PARRA ERKEL LUIS","DIRECTOR SUPLENTE","VICEP. FINANZAS","2000 Enero","2009 Diciembre"
"PROFUTURO AFP","Scotiabank del Perú","[2008-06-27 / 2009-02-11]","[2008/6 - 2009/2]","PARRA ERKEL LUIS","DIRECTOR ALTERNO","VICEP. FINANZAS","2000 Enero","2009 Diciembre"
"PROFUTURO AFP","Scotiabank del Perú","[2008-06-19 / 2008-06-27]","[2008/6 - 2008/6]","RIVADENEIRA GASTAÑETA FRANCISCO GUILLERMO","DIRECTOR SUPLENTE","VICEP. ASES. LEGAL Y SEC. GRAL","2000 Enero","2009 Diciembre"
"PROFUTURO AFP","Scotiabank del Perú","[2008-06-27 / 2011-03-31]","[2008/6 - 2009/12]","RIVADENEIRA GASTAÑETA FRANCISCO GUILLERMO","DIRECTOR ALTERNO","VICEP. ASES. LEGAL Y SEC. GRAL","2000 Enero","2009 Diciembre"
"PROFUTURO AFP","Scotiabank del Perú","[2008-06-19 / 2017-03-23]","[2008/6 - 2009/12]","SALAZAR OLIVARES RAUL TEMISTOCLES",DIRECTOR,DIRECTOR,"2000 Enero","2009 Diciembre"
"PROFUTURO AFP","Scotiabank del Perú","[2008-06-19 / 2009-07-31]","[2008/6 - 2009/7]","SARDON DE TABOADA FRANCISCO JAVIER",DIRECTOR,"VICEP. SENIOR BANCA CORP. Y MC","2000 Enero","2009 Diciembre"
"PROFUTURO AFP","Scotiabank del Perú","[2009-09-24 / 2012-08-06]","[2010/6 - 2010/6]","CALDA GIURATO RAFAEL MARIO",DIRECTOR,"VICEP.SENIOR BANCA RETAIL","2010 Junio","2010 Junio"
"PROFUTURO AFP","Scotiabank del Perú","[2010-03-19 / 2011-04-27]","[2010/6 - 2010/6]","CALDERON HERRADA CESAR ERNESTO",DIRECTOR,"VICEP. OPERACIONES Y ADMINIST.","2010 Junio","2010 Junio"
"PROFUTURO AFP","Scotiabank del Perú","[2009-03-27 / 2011-03-31]","[2010/6 - 2010/6]","COATE - MICHAEL","DIRECTOR ALTERNO","VICEP. FINANZAS","2010 Junio","2010 Junio"
"PROFUTURO AFP","Scotiabank del Perú","[2010-03-19 / 2011-06-23]","[2010/6 - 2010/6]","DE LA FELD  HUBERT","VICEPRESIDENTE DEL DIRECTORIO","VICEP.SENIOR BCA CORP MERC CAP","2010 Junio","2010 Junio"
"PROFUTURO AFP","Scotiabank del Perú","[2010-03-19 / 2013-03-26]","[2010/6 - 2010/6]","GONZALEZ TABOADA CARLOS","PRESIDENTE DEL DIRECTORIO","GERENTE GENERAL","2010 Junio","2010 Junio"
"PROFUTURO AFP","Scotiabank del Perú","[2010-03-19 / 2013-03-26]","[2010/6 - 2010/6]","GONZALEZ TABOADA CARLOS","PRESIDENTE DEL DIRECTORIO",,"2010 Junio","2010 Junio"
"PROFUTURO AFP","Scotiabank del Perú","[2008-06-27 / 2011-03-31]","[2010/6 - 2010/6]","RIVADENEIRA GASTAÑETA FRANCISCO GUILLERMO","DIRECTOR ALTERNO","VICEP. ASES. LEGAL Y SEC. GRAL","2010 Junio","2010 Junio"
"PROFUTURO AFP","Scotiabank del Perú","[2008-06-19 / 2017-03-23]","[2010/6 - 2010/6]","SALAZAR OLIVARES RAUL TEMISTOCLES",DIRECTOR,DIRECTOR,"2010 Junio","2010 Junio"
"PROFUTURO AFP","Scotiabank del Perú","[2010-03-19 / 2011-03-31]","[2010/6 - 2010/6]","SANTA MARIA STEIN JUAN MANUEL","DIRECTOR ALTERNO","VICEP. MARKETING","2010 Junio","2010 Junio"
"PROFUTURO AFP","Scotiabank del Perú","[2017-01-30 / 2017-11-29]","[2017/1 - 2017/2]","ARAMBURU ARIAS IGNACIO",DIRECTOR,"VPS CFO & BUSINESS SUPPORT","2011 Enero","2017 Febrero"
"PROFUTURO AFP","Scotiabank del Perú","[2009-09-24 / 2012-08-06]","[2011/1 - 2012/8]","CALDA GIURATO RAFAEL MARIO",DIRECTOR,"VICEP.SENIOR BANCA RETAIL","2011 Enero","2017 Febrero"
"PROFUTURO AFP","Scotiabank del Perú","[2010-03-19 / 2011-04-27]","[2011/1 - 2011/4]","CALDERON HERRADA CESAR ERNESTO",DIRECTOR,"VICEP. OPERACIONES Y ADMINIST.","2011 Enero","2017 Febrero"
"PROFUTURO AFP","Scotiabank del Perú","[2011-04-27 / 2015-07-06]","[2011/4 - 2015/7]","CALDERON HERRADA CESAR ERNESTO",DIRECTOR,"VICEPRES.SENIOR OPER Y ADM.","2011 Enero","2017 Febrero"
"PROFUTURO AFP","Scotiabank del Perú","[2009-03-27 / 2011-03-31]","[2011/1 - 2011/3]","COATE - MICHAEL","DIRECTOR ALTERNO","VICEP. FINANZAS","2011 Enero","2017 Febrero"
"PROFUTURO AFP","Scotiabank del Perú","[2011-11-17 / 2013-03-26]","[2011/11 - 2013/3]","DE LA FELD  HUBERT","VICEPRESIDENTE DEL DIRECTORIO","CHIEF OPERATING OFFICER (COO)","2011 Enero","2017 Febrero"
"PROFUTURO AFP","Scotiabank del Perú","[2010-03-19 / 2011-06-23]","[2011/1 - 2011/6]","DE LA FELD  HUBERT","VICEPRESIDENTE DEL DIRECTORIO","VICEP.SENIOR BCA CORP MERC CAP","2011 Enero","2017 Febrero"
"PROFUTURO AFP","Scotiabank del Perú","[2010-03-19 / 2013-03-26]","[2011/1 - 2013/3]","GONZALEZ TABOADA CARLOS","PRESIDENTE DEL DIRECTORIO","GERENTE GENERAL","2011 Enero","2017 Febrero"
"PROFUTURO AFP","Scotiabank del Perú","[2010-03-19 / 2013-03-26]","[2011/1 - 2013/3]","GONZALEZ TABOADA CARLOS","PRESIDENTE DEL DIRECTORIO",,"2011 Enero","2017 Febrero"
"PROFUTURO AFP","Scotiabank del Perú","[2015-07-06 / 2016-09-27]","[2015/7 - 2016/9]","GRADOS SMITH PEDRO LUIS TIRSO",DIRECTOR,"VICEP.WEALTH MANAGEMENT","2011 Enero","2017 Febrero"
"PROFUTURO AFP","Scotiabank del Perú","[2016-03-29 / 2017-03-23]","[2016/3 - 2017/2]","MEEK  JAMES TULLY","VICEPRESIDENTE DEL DIRECTORIO","PRESIDENTE DEL DIRECTORIO","2011 Enero","2017 Febrero"
"PROFUTURO AFP","Scotiabank del Perú","[2015-07-06 / 2016-03-29]","[2015/7 - 2016/3]","MEEK  JAMES TULLY",DIRECTOR,"PRESIDENTE DEL DIRECTORIO","2011 Enero","2017 Febrero"
"PROFUTURO AFP","Scotiabank del Perú","[2008-06-27 / 2011-03-31]","[2011/1 - 2011/3]","RIVADENEIRA GASTAÑETA FRANCISCO GUILLERMO","DIRECTOR ALTERNO","VICEP. ASES. LEGAL Y SEC. GRAL","2011 Enero","2017 Febrero"
"PROFUTURO AFP","Scotiabank del Perú","[2011-03-31 / 2012-08-02]","[2011/3 - 2012/8]","RIVADENEIRA GASTAÑETA FRANCISCO GUILLERMO",DIRECTOR,"VICEP. ASES. LEGAL Y SEC. GRAL","2011 Enero","2017 Febrero"
"PROFUTURO AFP","Scotiabank del Perú","[2012-08-02 / 2016-03-29]","[2012/8 - 2016/3]","RIVADENEIRA GASTAÑETA FRANCISCO GUILLERMO",DIRECTOR,,"2011 Enero","2017 Febrero"
"PROFUTURO AFP","Scotiabank del Perú","[2012-10-23 / 2015-12-31]","[2012/10 - 2015/12]","ROSAS FERRECCIO YVAN VICENTE","DIRECTOR SUPLENTE","VICEP. CHIEF FINANCIAL OFFICER","2011 Enero","2017 Febrero"
"PROFUTURO AFP","Scotiabank del Perú","[2008-06-19 / 2017-03-23]","[2011/1 - 2017/2]","SALAZAR OLIVARES RAUL TEMISTOCLES",DIRECTOR,DIRECTOR,"2011 Enero","2017 Febrero"
"PROFUTURO AFP","Scotiabank del Perú","[2012-10-04 / 2012-10-23]","[2012/10 - 2012/10]","SANTA MARIA STEIN JUAN MANUEL","DIRECTOR SUPLENTE","VICEP SENIOR BANCA RETAIL","2011 Enero","2017 Febrero"
"PROFUTURO AFP","Scotiabank del Perú","[2012-10-23 / 2015-02-13]","[2012/10 - 2015/2]","SANTA MARIA STEIN JUAN MANUEL",DIRECTOR,"VICEP SENIOR BANCA RETAIL","2011 Enero","2017 Febrero"
"PROFUTURO AFP","Scotiabank del Perú","[2011-03-31 / 2012-10-04]","[2011/3 - 2012/10]","SANTA MARIA STEIN JUAN MANUEL","DIRECTOR SUPLENTE","VICEP. MARKETING","2011 Enero","2017 Febrero"
"PROFUTURO AFP","Scotiabank del Perú","[2010-03-19 / 2011-03-31]","[2011/1 - 2011/3]","SANTA MARIA STEIN JUAN MANUEL","DIRECTOR ALTERNO","VICEP. MARKETING","2011 Enero","2017 Febrero"
"PROFUTURO AFP","Scotiabank del Perú","[2015-03-24 / 2016-03-28]","[2015/3 - 2016/3]","UCCELLI LABARTHE MIGUEL","VICEPRESIDENTE DEL DIRECTORIO",DIRECTOR,"2011 Enero","2017 Febrero"
"PROFUTURO AFP","Scotiabank del Perú","[2016-03-28 / 2016-03-29]","[2016/3 - 2016/3]","UCCELLI LABARTHE MIGUEL","VICEPRESIDENTE DEL DIRECTORIO","VICEPRESIDENTE DEL DIRECTORIO","2011 Enero","2017 Febrero"
"PROFUTURO AFP","Scotiabank del Perú","[2016-03-29 / 2017-03-27]","[2016/3 - 2017/2]","UCCELLI LABARTHE MIGUEL","PRESIDENTE DEL DIRECTORIO","VICEPRESIDENTE DEL DIRECTORIO","2011 Enero","2017 Febrero"
"PROFUTURO AFP","Scotiabank del Perú","[2015-04-01 / 2016-03-29]","[2015/4 - 2016/3]","UCCELLI LABARTHE MIGUEL","VICEPRESIDENTE DEL DIRECTORIO",,"2011 Enero","2017 Febrero"
"PROFUTURO AFP","Scotiabank del Perú","[2016-03-29 / 2017-03-27]","[2016/3 - 2017/2]","UCCELLI LABARTHE MIGUEL","PRESIDENTE DEL DIRECTORIO",,"2011 Enero","2017 Febrero"
"PROFUTURO AFP","Scotiabank del Perú","[2015-03-24 / 2015-03-31]","[2015/3 - 2015/3]","UCCELLI LABARTHE MIGUEL","VICEPRESIDENTE DEL DIRECTORIO","VICEP.SENIOR & HEAD BCA.RETAIL","2011 Enero","2017 Febrero"
"PROFUTURO AFP","Scotiabank del Perú","[2015-04-01 / 2016-03-29]","[2015/4 - 2016/3]","UCCELLI LABARTHE MIGUEL","VICEPRESIDENTE DEL DIRECTORIO",,"2011 Enero","2017 Febrero"
"PROFUTURO AFP","Scotiabank del Perú","[2016-03-29 / 2017-03-27]","[2016/3 - 2017/2]","UCCELLI LABARTHE MIGUEL","PRESIDENTE DEL DIRECTORIO",,"2011 Enero","2017 Febrero"
"AFP HORIZONTE S.A.","Telefonica del Peru S.A.A.","[2000-02-07 / 2000-05-17]","[2000/2 - 2000/5]","COLOMER GUIU JOSE ANTONIO",DIRECTOR-SUPLENTE,"DIRECTOR (CLASE B)","2000 Enero","2009 Diciembre"
"AFP HORIZONTE S.A.","Telefonica del Peru S.A.A.","[2000-05-17 / 2004-02-05]","[2000/5 - 2004/2]","COLOMER GUIU JOSE ANTONIO",DIRECTOR,"DIRECTOR (CLASE B)","2000 Enero","2009 Diciembre"
"AFP HORIZONTE S.A.","Telefonica del Peru S.A.A.","[2003-03-26 / 2006-03-24]","[2003/3 - 2006/3]","MARIN ESTEVEZ JAVIER",,"DIRECTOR ALTERNO (CLASE B)","2000 Enero","2009 Diciembre"
"AFP HORIZONTE S.A.","Telefonica del Peru S.A.A.","[2003-03-26 / 2006-03-24]","[2003/3 - 2006/3]","MARIN ESTEVEZ JAVIER","GERENTE GENERAL","DIRECTOR ALTERNO (CLASE B)","2000 Enero","2009 Diciembre"
"AFP HORIZONTE S.A.","Telefonica del Peru S.A.A.","[2002-02-05 / 2002-06-04]","[2002/2 - 2002/6]","MARIN ESTEVEZ JAVIER",,"DIRECTOR SUPLENTE (CLASE B)","2000 Enero","2009 Diciembre"
"AFP HORIZONTE S.A.","Telefonica del Peru S.A.A.","[2002-02-05 / 2002-06-04]","[2002/2 - 2002/6]","MARIN ESTEVEZ JAVIER","GERENTE GENERAL","DIRECTOR SUPLENTE (CLASE B)","2000 Enero","2009 Diciembre"
"PRIMA AFP S.A.","Titulizadora Peruana Sociedad Titulizadora S.A.","[2008-03-11 / 2013-10-09]","[2010/6 - 2010/6]","CORREA MALACHOWSKI ALVARO",DIRECTOR,DIRECTOR,"2010 Junio","2010 Junio"
"PROFUTURO AFP","Titulizadora Peruana Sociedad Titulizadora S.A.","[2010-04-23 / 2010-06-15]","[2010/6 - 2010/6]","DE LA FELD  HUBERT","VICEPRESIDENTE DEL DIRECTORIO","PRESIDENTE DEL DIRECTORIO","2010 Junio","2010 Junio"
