"CALDERON FUENTES EDWIN HUMBERTO","OFICIAL CUMPLIMIENTO NORMATIVO","GERENTE DE CONTROL INTERNO E I","[2011-10-27 / 2013-05-22]","BBVA Banco Continental","AFP HORIZONTE S.A.",HO01,"Acciones Comunes",2011,10,Octubre,5230.336904,0.00267391
"CALDERON FUENTES EDWIN HUMBERTO","OFICIAL CUMPLIMIENTO NORMATIVO","GERENTE DE CONTROL INTERNO E I","[2011-10-27 / 2013-05-22]","BBVA Banco Continental","AFP HORIZONTE S.A.",HO01,"Acciones Comunes",2011,11,Noviembre,4928.346599,0.002455705
"CALDERON FUENTES EDWIN HUMBERTO","OFICIAL CUMPLIMIENTO NORMATIVO","GERENTE DE CONTROL INTERNO E I","[2011-10-27 / 2013-05-22]","BBVA Banco Continental","AFP HORIZONTE S.A.",HO01,"Acciones Comunes",2011,12,Diciembre,4908.102851,0.002392923
"CALDERON FUENTES EDWIN HUMBERTO","OFICIAL CUMPLIMIENTO NORMATIVO","GERENTE DE CONTROL INTERNO E I","[2011-10-27 / 2013-05-22]","BBVA Banco Continental","AFP HORIZONTE S.A.",HO01,"Acciones Comunes",2012,1,Enero,5355.940502,0.002481401
"CALDERON FUENTES EDWIN HUMBERTO","OFICIAL CUMPLIMIENTO NORMATIVO","GERENTE DE CONTROL INTERNO E I","[2011-10-27 / 2013-05-22]","BBVA Banco Continental","AFP HORIZONTE S.A.",HO01,"Acciones Comunes",2012,2,Febrero,5723.082655,0.00252992
"CALDERON FUENTES EDWIN HUMBERTO","OFICIAL CUMPLIMIENTO NORMATIVO","GERENTE DE CONTROL INTERNO E I","[2011-10-27 / 2013-05-22]","BBVA Banco Continental","AFP HORIZONTE S.A.",HO01,"Acciones Comunes",2012,3,Marzo,6023.058938,0.002599112
"CALDERON FUENTES EDWIN HUMBERTO","OFICIAL CUMPLIMIENTO NORMATIVO","GERENTE DE CONTROL INTERNO E I","[2011-10-27 / 2013-05-22]","BBVA Banco Continental","AFP HORIZONTE S.A.",HO01,"Acciones Comunes",2012,4,Abril,5958.650688,0.002510049
"CALDERON FUENTES EDWIN HUMBERTO","OFICIAL CUMPLIMIENTO NORMATIVO","GERENTE DE CONTROL INTERNO E I","[2011-10-27 / 2013-05-22]","BBVA Banco Continental","AFP HORIZONTE S.A.",HO01,"Acciones Comunes",2012,5,Mayo,5339.132752,0.002250341
"CALDERON FUENTES EDWIN HUMBERTO","OFICIAL CUMPLIMIENTO NORMATIVO","GERENTE DE CONTROL INTERNO E I","[2011-10-27 / 2013-05-22]","BBVA Banco Continental","AFP HORIZONTE S.A.",HO01,"Acciones Comunes",2012,6,Junio,5339.900673,0.00220923
"CALDERON FUENTES EDWIN HUMBERTO","OFICIAL CUMPLIMIENTO NORMATIVO","GERENTE DE CONTROL INTERNO E I","[2011-10-27 / 2013-05-22]","BBVA Banco Continental","AFP HORIZONTE S.A.",HO01,"Acciones Comunes",2012,7,Julio,5481.03839,0.002238401
"CALDERON FUENTES EDWIN HUMBERTO","OFICIAL CUMPLIMIENTO NORMATIVO","GERENTE DE CONTROL INTERNO E I","[2011-10-27 / 2013-05-22]","BBVA Banco Continental","AFP HORIZONTE S.A.",HO01,"Acciones Comunes",2012,8,Agosto,5627.427353,0.002256147
"CALDERON FUENTES EDWIN HUMBERTO","OFICIAL CUMPLIMIENTO NORMATIVO","GERENTE DE CONTROL INTERNO E I","[2011-10-27 / 2013-05-22]","BBVA Banco Continental","AFP HORIZONTE S.A.",HO01,"Acciones Comunes",2012,9,Setiembre,6150.141458,0.002386993
"CALDERON FUENTES EDWIN HUMBERTO","OFICIAL CUMPLIMIENTO NORMATIVO","GERENTE DE CONTROL INTERNO E I","[2011-10-27 / 2013-05-22]","BBVA Banco Continental","AFP HORIZONTE S.A.",HO01,"Acciones Comunes",2012,10,Octubre,6061.772015,0.002274723
"CALDERON FUENTES EDWIN HUMBERTO","OFICIAL CUMPLIMIENTO NORMATIVO","GERENTE DE CONTROL INTERNO E I","[2011-10-27 / 2013-05-22]","BBVA Banco Continental","AFP HORIZONTE S.A.",HO01,"Acciones Comunes",2012,11,Noviembre,6587.0911,0.002423704
"CALDERON FUENTES EDWIN HUMBERTO","OFICIAL CUMPLIMIENTO NORMATIVO","GERENTE DE CONTROL INTERNO E I","[2011-10-27 / 2013-05-22]","BBVA Banco Continental","AFP HORIZONTE S.A.",HO01,"Acciones Comunes",2012,12,Diciembre,7321.584954,0.002604103
"CALDERON FUENTES EDWIN HUMBERTO","OFICIAL CUMPLIMIENTO NORMATIVO","GERENTE DE CONTROL INTERNO E I","[2011-10-27 / 2013-05-22]","BBVA Banco Continental","AFP HORIZONTE S.A.",HO01,"Acciones Comunes",2013,1,Enero,7831.768686,0.002694812
"CALDERON FUENTES EDWIN HUMBERTO","OFICIAL CUMPLIMIENTO NORMATIVO","GERENTE DE CONTROL INTERNO E I","[2011-10-27 / 2013-05-22]","BBVA Banco Continental","AFP HORIZONTE S.A.",HO01,"Acciones Comunes",2013,2,Febrero,7783.389848,0.002627558
"CALDERON FUENTES EDWIN HUMBERTO","OFICIAL CUMPLIMIENTO NORMATIVO","GERENTE DE CONTROL INTERNO E I","[2011-10-27 / 2013-05-22]","BBVA Banco Continental","AFP HORIZONTE S.A.",HO01,"Acciones Comunes",2013,3,Marzo,13922.72707,0.00463728
"CALDERON FUENTES EDWIN HUMBERTO","OFICIAL CUMPLIMIENTO NORMATIVO","GERENTE DE CONTROL INTERNO E I","[2011-10-27 / 2013-05-22]","BBVA Banco Continental","AFP HORIZONTE S.A.",HO01,"Acciones Comunes",2013,4,Abril,5800.479403,0.001890006
"CALDERON FUENTES EDWIN HUMBERTO","OFICIAL CUMPLIMIENTO NORMATIVO","GERENTE DE CONTROL INTERNO E I","[2011-10-27 / 2013-05-22]","BBVA Banco Continental","AFP HORIZONTE S.A.",HO01,"Acciones Comunes",2013,5,Mayo,5497.046257,0.001823214
"CALDERON FUENTES EDWIN HUMBERTO","OFICIAL CUMPLIMIENTO NORMATIVO","GERENTE DE CONTROL INTERNO E I","[2011-10-27 / 2013-05-22]","BBVA Banco Continental","AFP HORIZONTE S.A.",HO01,"Bonos de Arrendamiento Financiero",2011,10,Octubre,6457.930825,0.003301494
"CALDERON FUENTES EDWIN HUMBERTO","OFICIAL CUMPLIMIENTO NORMATIVO","GERENTE DE CONTROL INTERNO E I","[2011-10-27 / 2013-05-22]","BBVA Banco Continental","AFP HORIZONTE S.A.",HO01,"Bonos de Arrendamiento Financiero",2011,11,Noviembre,6352.315942,0.003165243
"CALDERON FUENTES EDWIN HUMBERTO","OFICIAL CUMPLIMIENTO NORMATIVO","GERENTE DE CONTROL INTERNO E I","[2011-10-27 / 2013-05-22]","BBVA Banco Continental","AFP HORIZONTE S.A.",HO01,"Bonos de Arrendamiento Financiero",2011,12,Diciembre,6391.70861,0.003116248
"CALDERON FUENTES EDWIN HUMBERTO","OFICIAL CUMPLIMIENTO NORMATIVO","GERENTE DE CONTROL INTERNO E I","[2011-10-27 / 2013-05-22]","BBVA Banco Continental","AFP HORIZONTE S.A.",HO01,"Bonos de Arrendamiento Financiero",2012,1,Enero,6431.643168,0.002979772
"CALDERON FUENTES EDWIN HUMBERTO","OFICIAL CUMPLIMIENTO NORMATIVO","GERENTE DE CONTROL INTERNO E I","[2011-10-27 / 2013-05-22]","BBVA Banco Continental","AFP HORIZONTE S.A.",HO01,"Bonos de Arrendamiento Financiero",2012,2,Febrero,6548.610388,0.002894849
"CALDERON FUENTES EDWIN HUMBERTO","OFICIAL CUMPLIMIENTO NORMATIVO","GERENTE DE CONTROL INTERNO E I","[2011-10-27 / 2013-05-22]","BBVA Banco Continental","AFP HORIZONTE S.A.",HO01,"Bonos de Arrendamiento Financiero",2012,3,Marzo,6526.878763,0.002816524
"CALDERON FUENTES EDWIN HUMBERTO","OFICIAL CUMPLIMIENTO NORMATIVO","GERENTE DE CONTROL INTERNO E I","[2011-10-27 / 2013-05-22]","BBVA Banco Continental","AFP HORIZONTE S.A.",HO01,"Bonos de Arrendamiento Financiero",2012,4,Abril,6633.668792,0.002794396
"CALDERON FUENTES EDWIN HUMBERTO","OFICIAL CUMPLIMIENTO NORMATIVO","GERENTE DE CONTROL INTERNO E I","[2011-10-27 / 2013-05-22]","BBVA Banco Continental","AFP HORIZONTE S.A.",HO01,"Bonos de Arrendamiento Financiero",2012,5,Mayo,6590.203749,0.002777643
"CALDERON FUENTES EDWIN HUMBERTO","OFICIAL CUMPLIMIENTO NORMATIVO","GERENTE DE CONTROL INTERNO E I","[2011-10-27 / 2013-05-22]","BBVA Banco Continental","AFP HORIZONTE S.A.",HO01,"Bonos de Arrendamiento Financiero",2012,6,Junio,6662.108505,0.002756255
"CALDERON FUENTES EDWIN HUMBERTO","OFICIAL CUMPLIMIENTO NORMATIVO","GERENTE DE CONTROL INTERNO E I","[2011-10-27 / 2013-05-22]","BBVA Banco Continental","AFP HORIZONTE S.A.",HO01,"Bonos de Arrendamiento Financiero",2012,7,Julio,6601.105824,0.002695826
"CALDERON FUENTES EDWIN HUMBERTO","OFICIAL CUMPLIMIENTO NORMATIVO","GERENTE DE CONTROL INTERNO E I","[2011-10-27 / 2013-05-22]","BBVA Banco Continental","AFP HORIZONTE S.A.",HO01,"Bonos de Arrendamiento Financiero",2012,8,Agosto,6603.248874,0.002647373
"CALDERON FUENTES EDWIN HUMBERTO","OFICIAL CUMPLIMIENTO NORMATIVO","GERENTE DE CONTROL INTERNO E I","[2011-10-27 / 2013-05-22]","BBVA Banco Continental","AFP HORIZONTE S.A.",HO01,"Bonos de Arrendamiento Financiero",2012,9,Setiembre,6645.417116,0.00257922
"CALDERON FUENTES EDWIN HUMBERTO","OFICIAL CUMPLIMIENTO NORMATIVO","GERENTE DE CONTROL INTERNO E I","[2011-10-27 / 2013-05-22]","BBVA Banco Continental","AFP HORIZONTE S.A.",HO01,"Bonos de Arrendamiento Financiero",2012,10,Octubre,6666.630091,0.0025017
"CALDERON FUENTES EDWIN HUMBERTO","OFICIAL CUMPLIMIENTO NORMATIVO","GERENTE DE CONTROL INTERNO E I","[2011-10-27 / 2013-05-22]","BBVA Banco Continental","AFP HORIZONTE S.A.",HO01,"Bonos de Arrendamiento Financiero",2012,11,Noviembre,6603.788147,0.002429848
"CALDERON FUENTES EDWIN HUMBERTO","OFICIAL CUMPLIMIENTO NORMATIVO","GERENTE DE CONTROL INTERNO E I","[2011-10-27 / 2013-05-22]","BBVA Banco Continental","AFP HORIZONTE S.A.",HO01,"Bonos de Arrendamiento Financiero",2012,12,Diciembre,6631.267637,0.002358575
"CALDERON FUENTES EDWIN HUMBERTO","OFICIAL CUMPLIMIENTO NORMATIVO","GERENTE DE CONTROL INTERNO E I","[2011-10-27 / 2013-05-22]","BBVA Banco Continental","AFP HORIZONTE S.A.",HO01,"Bonos de Arrendamiento Financiero",2013,1,Enero,6759.700357,0.002325927
"CALDERON FUENTES EDWIN HUMBERTO","OFICIAL CUMPLIMIENTO NORMATIVO","GERENTE DE CONTROL INTERNO E I","[2011-10-27 / 2013-05-22]","BBVA Banco Continental","AFP HORIZONTE S.A.",HO01,"Bonos de Arrendamiento Financiero",2013,2,Febrero,6853.758209,0.002313728
"CALDERON FUENTES EDWIN HUMBERTO","OFICIAL CUMPLIMIENTO NORMATIVO","GERENTE DE CONTROL INTERNO E I","[2011-10-27 / 2013-05-22]","BBVA Banco Continental","AFP HORIZONTE S.A.",HO01,"Bonos de Arrendamiento Financiero",2013,3,Marzo,6779.203994,0.002257967
"CALDERON FUENTES EDWIN HUMBERTO","OFICIAL CUMPLIMIENTO NORMATIVO","GERENTE DE CONTROL INTERNO E I","[2011-10-27 / 2013-05-22]","BBVA Banco Continental","AFP HORIZONTE S.A.",HO01,"Bonos de Arrendamiento Financiero",2013,4,Abril,6761.864762,0.00220326
"CALDERON FUENTES EDWIN HUMBERTO","OFICIAL CUMPLIMIENTO NORMATIVO","GERENTE DE CONTROL INTERNO E I","[2011-10-27 / 2013-05-22]","BBVA Banco Continental","AFP HORIZONTE S.A.",HO01,"Bonos de Arrendamiento Financiero",2013,5,Mayo,6577.721259,0.002181643
"CALDERON FUENTES EDWIN HUMBERTO","OFICIAL CUMPLIMIENTO NORMATIVO","GERENTE DE CONTROL INTERNO E I","[2011-10-27 / 2013-05-22]","BBVA Banco Continental","AFP HORIZONTE S.A.",HO01,"Bonos Subordinados",2011,10,Octubre,7373.748512,0.003769689
"CALDERON FUENTES EDWIN HUMBERTO","OFICIAL CUMPLIMIENTO NORMATIVO","GERENTE DE CONTROL INTERNO E I","[2011-10-27 / 2013-05-22]","BBVA Banco Continental","AFP HORIZONTE S.A.",HO01,"Bonos Subordinados",2011,11,Noviembre,7276.624953,0.00362581
"CALDERON FUENTES EDWIN HUMBERTO","OFICIAL CUMPLIMIENTO NORMATIVO","GERENTE DE CONTROL INTERNO E I","[2011-10-27 / 2013-05-22]","BBVA Banco Continental","AFP HORIZONTE S.A.",HO01,"Bonos Subordinados",2011,12,Diciembre,7275.020024,0.003546903
"CALDERON FUENTES EDWIN HUMBERTO","OFICIAL CUMPLIMIENTO NORMATIVO","GERENTE DE CONTROL INTERNO E I","[2011-10-27 / 2013-05-22]","BBVA Banco Continental","AFP HORIZONTE S.A.",HO01,"Bonos Subordinados",2012,1,Enero,7303.869507,0.003383874
"CALDERON FUENTES EDWIN HUMBERTO","OFICIAL CUMPLIMIENTO NORMATIVO","GERENTE DE CONTROL INTERNO E I","[2011-10-27 / 2013-05-22]","BBVA Banco Continental","AFP HORIZONTE S.A.",HO01,"Bonos Subordinados",2012,2,Febrero,7539.19868,0.003332744
"CALDERON FUENTES EDWIN HUMBERTO","OFICIAL CUMPLIMIENTO NORMATIVO","GERENTE DE CONTROL INTERNO E I","[2011-10-27 / 2013-05-22]","BBVA Banco Continental","AFP HORIZONTE S.A.",HO01,"Bonos Subordinados",2012,3,Marzo,7544.024087,0.003255449
"CALDERON FUENTES EDWIN HUMBERTO","OFICIAL CUMPLIMIENTO NORMATIVO","GERENTE DE CONTROL INTERNO E I","[2011-10-27 / 2013-05-22]","BBVA Banco Continental","AFP HORIZONTE S.A.",HO01,"Bonos Subordinados",2012,4,Abril,7850.816221,0.003307113
"CALDERON FUENTES EDWIN HUMBERTO","OFICIAL CUMPLIMIENTO NORMATIVO","GERENTE DE CONTROL INTERNO E I","[2011-10-27 / 2013-05-22]","BBVA Banco Continental","AFP HORIZONTE S.A.",HO01,"Bonos Subordinados",2012,5,Mayo,7759.217662,0.003270359
"CALDERON FUENTES EDWIN HUMBERTO","OFICIAL CUMPLIMIENTO NORMATIVO","GERENTE DE CONTROL INTERNO E I","[2011-10-27 / 2013-05-22]","BBVA Banco Continental","AFP HORIZONTE S.A.",HO01,"Bonos Subordinados",2012,6,Junio,8142.912263,0.003368895
"CALDERON FUENTES EDWIN HUMBERTO","OFICIAL CUMPLIMIENTO NORMATIVO","GERENTE DE CONTROL INTERNO E I","[2011-10-27 / 2013-05-22]","BBVA Banco Continental","AFP HORIZONTE S.A.",HO01,"Bonos Subordinados",2012,7,Julio,8133.082987,0.00332147
"CALDERON FUENTES EDWIN HUMBERTO","OFICIAL CUMPLIMIENTO NORMATIVO","GERENTE DE CONTROL INTERNO E I","[2011-10-27 / 2013-05-22]","BBVA Banco Continental","AFP HORIZONTE S.A.",HO01,"Bonos Subordinados",2012,8,Agosto,8239.96523,0.003303565
"CALDERON FUENTES EDWIN HUMBERTO","OFICIAL CUMPLIMIENTO NORMATIVO","GERENTE DE CONTROL INTERNO E I","[2011-10-27 / 2013-05-22]","BBVA Banco Continental","AFP HORIZONTE S.A.",HO01,"Bonos Subordinados",2012,9,Setiembre,8294.542807,0.003219278
"CALDERON FUENTES EDWIN HUMBERTO","OFICIAL CUMPLIMIENTO NORMATIVO","GERENTE DE CONTROL INTERNO E I","[2011-10-27 / 2013-05-22]","BBVA Banco Continental","AFP HORIZONTE S.A.",HO01,"Bonos Subordinados",2012,10,Octubre,8410.589344,0.003156133
"CALDERON FUENTES EDWIN HUMBERTO","OFICIAL CUMPLIMIENTO NORMATIVO","GERENTE DE CONTROL INTERNO E I","[2011-10-27 / 2013-05-22]","BBVA Banco Continental","AFP HORIZONTE S.A.",HO01,"Bonos Subordinados",2012,11,Noviembre,8457.446265,0.003111897
"CALDERON FUENTES EDWIN HUMBERTO","OFICIAL CUMPLIMIENTO NORMATIVO","GERENTE DE CONTROL INTERNO E I","[2011-10-27 / 2013-05-22]","BBVA Banco Continental","AFP HORIZONTE S.A.",HO01,"Bonos Subordinados",2012,12,Diciembre,8510.225113,0.003026873
"CALDERON FUENTES EDWIN HUMBERTO","OFICIAL CUMPLIMIENTO NORMATIVO","GERENTE DE CONTROL INTERNO E I","[2011-10-27 / 2013-05-22]","BBVA Banco Continental","AFP HORIZONTE S.A.",HO01,"Bonos Subordinados",2013,1,Enero,8548.475362,0.002941422
"CALDERON FUENTES EDWIN HUMBERTO","OFICIAL CUMPLIMIENTO NORMATIVO","GERENTE DE CONTROL INTERNO E I","[2011-10-27 / 2013-05-22]","BBVA Banco Continental","AFP HORIZONTE S.A.",HO01,"Bonos Subordinados",2013,2,Febrero,8571.92804,0.002893756
"CALDERON FUENTES EDWIN HUMBERTO","OFICIAL CUMPLIMIENTO NORMATIVO","GERENTE DE CONTROL INTERNO E I","[2011-10-27 / 2013-05-22]","BBVA Banco Continental","AFP HORIZONTE S.A.",HO01,"Bonos Subordinados",2013,3,Marzo,8530.149016,0.002841159
"CALDERON FUENTES EDWIN HUMBERTO","OFICIAL CUMPLIMIENTO NORMATIVO","GERENTE DE CONTROL INTERNO E I","[2011-10-27 / 2013-05-22]","BBVA Banco Continental","AFP HORIZONTE S.A.",HO01,"Bonos Subordinados",2013,4,Abril,8589.242048,0.002798685
"CALDERON FUENTES EDWIN HUMBERTO","OFICIAL CUMPLIMIENTO NORMATIVO","GERENTE DE CONTROL INTERNO E I","[2011-10-27 / 2013-05-22]","BBVA Banco Continental","AFP HORIZONTE S.A.",HO01,"Bonos Subordinados",2013,5,Mayo,7968.621253,0.002642966
"CALDERON FUENTES EDWIN HUMBERTO","OFICIAL CUMPLIMIENTO NORMATIVO","GERENTE DE CONTROL INTERNO E I","[2011-10-27 / 2013-05-22]","BBVA Banco Continental","AFP HORIZONTE S.A.",HO01,"Cuentas Corrientes",2011,10,Octubre,15054.21091,0.007696179
"CALDERON FUENTES EDWIN HUMBERTO","OFICIAL CUMPLIMIENTO NORMATIVO","GERENTE DE CONTROL INTERNO E I","[2011-10-27 / 2013-05-22]","BBVA Banco Continental","AFP HORIZONTE S.A.",HO01,"Cuentas Corrientes",2011,11,Noviembre,13574.24528,0.006763799
"CALDERON FUENTES EDWIN HUMBERTO","OFICIAL CUMPLIMIENTO NORMATIVO","GERENTE DE CONTROL INTERNO E I","[2011-10-27 / 2013-05-22]","BBVA Banco Continental","AFP HORIZONTE S.A.",HO01,"Cuentas Corrientes",2011,12,Diciembre,32517.51966,0.015853767
"CALDERON FUENTES EDWIN HUMBERTO","OFICIAL CUMPLIMIENTO NORMATIVO","GERENTE DE CONTROL INTERNO E I","[2011-10-27 / 2013-05-22]","BBVA Banco Continental","AFP HORIZONTE S.A.",HO01,"Cuentas Corrientes",2012,1,Enero,9802.272821,0.004541381
"CALDERON FUENTES EDWIN HUMBERTO","OFICIAL CUMPLIMIENTO NORMATIVO","GERENTE DE CONTROL INTERNO E I","[2011-10-27 / 2013-05-22]","BBVA Banco Continental","AFP HORIZONTE S.A.",HO01,"Cuentas Corrientes",2012,2,Febrero,10267.47752,0.004538794
"CALDERON FUENTES EDWIN HUMBERTO","OFICIAL CUMPLIMIENTO NORMATIVO","GERENTE DE CONTROL INTERNO E I","[2011-10-27 / 2013-05-22]","BBVA Banco Continental","AFP HORIZONTE S.A.",HO01,"Cuentas Corrientes",2012,3,Marzo,5704.566047,0.002461674
"CALDERON FUENTES EDWIN HUMBERTO","OFICIAL CUMPLIMIENTO NORMATIVO","GERENTE DE CONTROL INTERNO E I","[2011-10-27 / 2013-05-22]","BBVA Banco Continental","AFP HORIZONTE S.A.",HO01,"Cuentas Corrientes",2012,4,Abril,10338.95751,0.004355229
"CALDERON FUENTES EDWIN HUMBERTO","OFICIAL CUMPLIMIENTO NORMATIVO","GERENTE DE CONTROL INTERNO E I","[2011-10-27 / 2013-05-22]","BBVA Banco Continental","AFP HORIZONTE S.A.",HO01,"Cuentas Corrientes",2012,5,Mayo,8317.751177,0.00350577
"CALDERON FUENTES EDWIN HUMBERTO","OFICIAL CUMPLIMIENTO NORMATIVO","GERENTE DE CONTROL INTERNO E I","[2011-10-27 / 2013-05-22]","BBVA Banco Continental","AFP HORIZONTE S.A.",HO01,"Cuentas Corrientes",2012,6,Junio,4962.336758,0.002053023
"CALDERON FUENTES EDWIN HUMBERTO","OFICIAL CUMPLIMIENTO NORMATIVO","GERENTE DE CONTROL INTERNO E I","[2011-10-27 / 2013-05-22]","BBVA Banco Continental","AFP HORIZONTE S.A.",HO01,"Cuentas Corrientes",2012,7,Julio,6792.818443,0.002774119
"CALDERON FUENTES EDWIN HUMBERTO","OFICIAL CUMPLIMIENTO NORMATIVO","GERENTE DE CONTROL INTERNO E I","[2011-10-27 / 2013-05-22]","BBVA Banco Continental","AFP HORIZONTE S.A.",HO01,"Cuentas Corrientes",2012,8,Agosto,17915.38513,0.007182631
"CALDERON FUENTES EDWIN HUMBERTO","OFICIAL CUMPLIMIENTO NORMATIVO","GERENTE DE CONTROL INTERNO E I","[2011-10-27 / 2013-05-22]","BBVA Banco Continental","AFP HORIZONTE S.A.",HO01,"Cuentas Corrientes",2012,9,Setiembre,6426.552134,0.002494274
"CALDERON FUENTES EDWIN HUMBERTO","OFICIAL CUMPLIMIENTO NORMATIVO","GERENTE DE CONTROL INTERNO E I","[2011-10-27 / 2013-05-22]","BBVA Banco Continental","AFP HORIZONTE S.A.",HO01,"Cuentas Corrientes",2012,10,Octubre,10217.09119,0.003834036
"CALDERON FUENTES EDWIN HUMBERTO","OFICIAL CUMPLIMIENTO NORMATIVO","GERENTE DE CONTROL INTERNO E I","[2011-10-27 / 2013-05-22]","BBVA Banco Continental","AFP HORIZONTE S.A.",HO01,"Cuentas Corrientes",2012,11,Noviembre,7799.224798,0.002869706
"CALDERON FUENTES EDWIN HUMBERTO","OFICIAL CUMPLIMIENTO NORMATIVO","GERENTE DE CONTROL INTERNO E I","[2011-10-27 / 2013-05-22]","BBVA Banco Continental","AFP HORIZONTE S.A.",HO01,"Cuentas Corrientes",2012,12,Diciembre,6997.960084,0.002488998
"CALDERON FUENTES EDWIN HUMBERTO","OFICIAL CUMPLIMIENTO NORMATIVO","GERENTE DE CONTROL INTERNO E I","[2011-10-27 / 2013-05-22]","BBVA Banco Continental","AFP HORIZONTE S.A.",HO01,"Cuentas Corrientes",2013,1,Enero,5607.251717,0.001929384
"CALDERON FUENTES EDWIN HUMBERTO","OFICIAL CUMPLIMIENTO NORMATIVO","GERENTE DE CONTROL INTERNO E I","[2011-10-27 / 2013-05-22]","BBVA Banco Continental","AFP HORIZONTE S.A.",HO01,"Cuentas Corrientes",2013,2,Febrero,6104.291906,0.002060719
"CALDERON FUENTES EDWIN HUMBERTO","OFICIAL CUMPLIMIENTO NORMATIVO","GERENTE DE CONTROL INTERNO E I","[2011-10-27 / 2013-05-22]","BBVA Banco Continental","AFP HORIZONTE S.A.",HO01,"Cuentas Corrientes",2013,3,Marzo,6345.666661,0.002113568
"CALDERON FUENTES EDWIN HUMBERTO","OFICIAL CUMPLIMIENTO NORMATIVO","GERENTE DE CONTROL INTERNO E I","[2011-10-27 / 2013-05-22]","BBVA Banco Continental","AFP HORIZONTE S.A.",HO01,"Cuentas Corrientes",2013,4,Abril,6319.160354,0.002059011
"CALDERON FUENTES EDWIN HUMBERTO","OFICIAL CUMPLIMIENTO NORMATIVO","GERENTE DE CONTROL INTERNO E I","[2011-10-27 / 2013-05-22]","BBVA Banco Continental","AFP HORIZONTE S.A.",HO01,"Cuentas Corrientes",2013,5,Mayo,5822.828607,0.001931267
"CALDERON FUENTES EDWIN HUMBERTO","OFICIAL CUMPLIMIENTO NORMATIVO","GERENTE DE CONTROL INTERNO E I","[2011-10-27 / 2013-05-22]","BBVA Banco Continental","AFP HORIZONTE S.A.",HO01,"Depósitos a Plazo",2011,10,Octubre,30023.69448,0.015349043
"CALDERON FUENTES EDWIN HUMBERTO","OFICIAL CUMPLIMIENTO NORMATIVO","GERENTE DE CONTROL INTERNO E I","[2011-10-27 / 2013-05-22]","BBVA Banco Continental","AFP HORIZONTE S.A.",HO01,"Depósitos a Plazo",2011,11,Noviembre,35000,0.017439863
"CALDERON FUENTES EDWIN HUMBERTO","OFICIAL CUMPLIMIENTO NORMATIVO","GERENTE DE CONTROL INTERNO E I","[2011-10-27 / 2013-05-22]","BBVA Banco Continental","AFP HORIZONTE S.A.",HO01,"Depósitos a Plazo",2011,12,Diciembre,5016.3125,0.00244568
"CALDERON FUENTES EDWIN HUMBERTO","OFICIAL CUMPLIMIENTO NORMATIVO","GERENTE DE CONTROL INTERNO E I","[2011-10-27 / 2013-05-22]","BBVA Banco Continental","AFP HORIZONTE S.A.",HO01,"Depósitos a Plazo",2012,1,Enero,19000,0.008802677
"CALDERON FUENTES EDWIN HUMBERTO","OFICIAL CUMPLIMIENTO NORMATIVO","GERENTE DE CONTROL INTERNO E I","[2011-10-27 / 2013-05-22]","BBVA Banco Continental","AFP HORIZONTE S.A.",HO01,"Depósitos a Plazo",2012,2,Febrero,33000,0.01458783
"CALDERON FUENTES EDWIN HUMBERTO","OFICIAL CUMPLIMIENTO NORMATIVO","GERENTE DE CONTROL INTERNO E I","[2011-10-27 / 2013-05-22]","BBVA Banco Continental","AFP HORIZONTE S.A.",HO01,"Depósitos a Plazo",2012,3,Marzo,25000,0.010788173
"CALDERON FUENTES EDWIN HUMBERTO","OFICIAL CUMPLIMIENTO NORMATIVO","GERENTE DE CONTROL INTERNO E I","[2011-10-27 / 2013-05-22]","BBVA Banco Continental","AFP HORIZONTE S.A.",HO01,"Depósitos a Plazo",2012,4,Abril,40011.16672,0.016854483
"CALDERON FUENTES EDWIN HUMBERTO","OFICIAL CUMPLIMIENTO NORMATIVO","GERENTE DE CONTROL INTERNO E I","[2011-10-27 / 2013-05-22]","BBVA Banco Continental","AFP HORIZONTE S.A.",HO01,"Depósitos a Plazo",2012,5,Mayo,1000,0.000421481
"CALDERON FUENTES EDWIN HUMBERTO","OFICIAL CUMPLIMIENTO NORMATIVO","GERENTE DE CONTROL INTERNO E I","[2011-10-27 / 2013-05-22]","BBVA Banco Continental","AFP HORIZONTE S.A.",HO01,"Depósitos a Plazo",2012,6,Junio,64676.59449,0.026758072
"CALDERON FUENTES EDWIN HUMBERTO","OFICIAL CUMPLIMIENTO NORMATIVO","GERENTE DE CONTROL INTERNO E I","[2011-10-27 / 2013-05-22]","BBVA Banco Continental","AFP HORIZONTE S.A.",HO01,"Depósitos a Plazo",2012,7,Julio,38000,0.01551882
"CALDERON FUENTES EDWIN HUMBERTO","OFICIAL CUMPLIMIENTO NORMATIVO","GERENTE DE CONTROL INTERNO E I","[2011-10-27 / 2013-05-22]","BBVA Banco Continental","AFP HORIZONTE S.A.",HO01,"Depósitos a Plazo",2012,8,Agosto,7218.483834,0.002894033
"CALDERON FUENTES EDWIN HUMBERTO","OFICIAL CUMPLIMIENTO NORMATIVO","GERENTE DE CONTROL INTERNO E I","[2011-10-27 / 2013-05-22]","BBVA Banco Continental","AFP HORIZONTE S.A.",HO01,"Depósitos a Plazo",2012,9,Setiembre,18165,0.007050201
"CALDERON FUENTES EDWIN HUMBERTO","OFICIAL CUMPLIMIENTO NORMATIVO","GERENTE DE CONTROL INTERNO E I","[2011-10-27 / 2013-05-22]","BBVA Banco Continental","AFP HORIZONTE S.A.",HO01,"Depósitos a Plazo",2012,10,Octubre,50343.64368,0.018891809
"CALDERON FUENTES EDWIN HUMBERTO","OFICIAL CUMPLIMIENTO NORMATIVO","GERENTE DE CONTROL INTERNO E I","[2011-10-27 / 2013-05-22]","BBVA Banco Continental","AFP HORIZONTE S.A.",HO01,"Depósitos a Plazo",2012,11,Noviembre,0,0
"CALDERON FUENTES EDWIN HUMBERTO","OFICIAL CUMPLIMIENTO NORMATIVO","GERENTE DE CONTROL INTERNO E I","[2011-10-27 / 2013-05-22]","BBVA Banco Continental","AFP HORIZONTE S.A.",HO01,"Depósitos a Plazo",2012,12,Diciembre,20005.33334,0.007115393
"CALDERON FUENTES EDWIN HUMBERTO","OFICIAL CUMPLIMIENTO NORMATIVO","GERENTE DE CONTROL INTERNO E I","[2011-10-27 / 2013-05-22]","BBVA Banco Continental","AFP HORIZONTE S.A.",HO01,"Depósitos a Plazo",2013,1,Enero,0,0
"CALDERON FUENTES EDWIN HUMBERTO","OFICIAL CUMPLIMIENTO NORMATIVO","GERENTE DE CONTROL INTERNO E I","[2011-10-27 / 2013-05-22]","BBVA Banco Continental","AFP HORIZONTE S.A.",HO01,"Depósitos a Plazo",2013,2,Febrero,0,0
"CALDERON FUENTES EDWIN HUMBERTO","OFICIAL CUMPLIMIENTO NORMATIVO","GERENTE DE CONTROL INTERNO E I","[2011-10-27 / 2013-05-22]","BBVA Banco Continental","AFP HORIZONTE S.A.",HO01,"Depósitos a Plazo",2013,3,Marzo,0,0
"CALDERON FUENTES EDWIN HUMBERTO","OFICIAL CUMPLIMIENTO NORMATIVO","GERENTE DE CONTROL INTERNO E I","[2011-10-27 / 2013-05-22]","BBVA Banco Continental","AFP HORIZONTE S.A.",HO01,"Depósitos a Plazo",2013,4,Abril,66000,0.021505182
"CALDERON FUENTES EDWIN HUMBERTO","OFICIAL CUMPLIMIENTO NORMATIVO","GERENTE DE CONTROL INTERNO E I","[2011-10-27 / 2013-05-22]","BBVA Banco Continental","AFP HORIZONTE S.A.",HO01,"Depósitos a Plazo",2013,5,Mayo,50020.5,0.01659038
"CALDERON FUENTES EDWIN HUMBERTO","OFICIAL CUMPLIMIENTO NORMATIVO","GERENTE DE CONTROL INTERNO E I","[2011-10-27 / 2013-05-22]","BBVA Banco Continental","AFP HORIZONTE S.A.",HO01,"Otros Bonos Sector Financiero",2011,10,Octubre,25407.46787,0.012989085
"CALDERON FUENTES EDWIN HUMBERTO","OFICIAL CUMPLIMIENTO NORMATIVO","GERENTE DE CONTROL INTERNO E I","[2011-10-27 / 2013-05-22]","BBVA Banco Continental","AFP HORIZONTE S.A.",HO01,"Otros Bonos Sector Financiero",2011,11,Noviembre,25298.51068,0.012605787
"CALDERON FUENTES EDWIN HUMBERTO","OFICIAL CUMPLIMIENTO NORMATIVO","GERENTE DE CONTROL INTERNO E I","[2011-10-27 / 2013-05-22]","BBVA Banco Continental","AFP HORIZONTE S.A.",HO01,"Otros Bonos Sector Financiero",2011,12,Diciembre,25395.08074,0.012381255
"CALDERON FUENTES EDWIN HUMBERTO","OFICIAL CUMPLIMIENTO NORMATIVO","GERENTE DE CONTROL INTERNO E I","[2011-10-27 / 2013-05-22]","BBVA Banco Continental","AFP HORIZONTE S.A.",HO01,"Otros Bonos Sector Financiero",2012,1,Enero,25601.25728,0.011861031
"CALDERON FUENTES EDWIN HUMBERTO","OFICIAL CUMPLIMIENTO NORMATIVO","GERENTE DE CONTROL INTERNO E I","[2011-10-27 / 2013-05-22]","BBVA Banco Continental","AFP HORIZONTE S.A.",HO01,"Otros Bonos Sector Financiero",2012,2,Febrero,25606.26307,0.011319388
"CALDERON FUENTES EDWIN HUMBERTO","OFICIAL CUMPLIMIENTO NORMATIVO","GERENTE DE CONTROL INTERNO E I","[2011-10-27 / 2013-05-22]","BBVA Banco Continental","AFP HORIZONTE S.A.",HO01,"Otros Bonos Sector Financiero",2012,3,Marzo,25648.77375,0.011068136
"CALDERON FUENTES EDWIN HUMBERTO","OFICIAL CUMPLIMIENTO NORMATIVO","GERENTE DE CONTROL INTERNO E I","[2011-10-27 / 2013-05-22]","BBVA Banco Continental","AFP HORIZONTE S.A.",HO01,"Otros Bonos Sector Financiero",2012,4,Abril,48322.18187,0.020355452
"CALDERON FUENTES EDWIN HUMBERTO","OFICIAL CUMPLIMIENTO NORMATIVO","GERENTE DE CONTROL INTERNO E I","[2011-10-27 / 2013-05-22]","BBVA Banco Continental","AFP HORIZONTE S.A.",HO01,"Otros Bonos Sector Financiero",2012,5,Mayo,49235.91781,0.020751982
"CALDERON FUENTES EDWIN HUMBERTO","OFICIAL CUMPLIMIENTO NORMATIVO","GERENTE DE CONTROL INTERNO E I","[2011-10-27 / 2013-05-22]","BBVA Banco Continental","AFP HORIZONTE S.A.",HO01,"Otros Bonos Sector Financiero",2012,6,Junio,50365.47801,0.020837261
"CALDERON FUENTES EDWIN HUMBERTO","OFICIAL CUMPLIMIENTO NORMATIVO","GERENTE DE CONTROL INTERNO E I","[2011-10-27 / 2013-05-22]","BBVA Banco Continental","AFP HORIZONTE S.A.",HO01,"Otros Bonos Sector Financiero",2012,7,Julio,56791.64056,0.023193138
"CALDERON FUENTES EDWIN HUMBERTO","OFICIAL CUMPLIMIENTO NORMATIVO","GERENTE DE CONTROL INTERNO E I","[2011-10-27 / 2013-05-22]","BBVA Banco Continental","AFP HORIZONTE S.A.",HO01,"Otros Bonos Sector Financiero",2012,8,Agosto,77221.24009,0.030959519
"CALDERON FUENTES EDWIN HUMBERTO","OFICIAL CUMPLIMIENTO NORMATIVO","GERENTE DE CONTROL INTERNO E I","[2011-10-27 / 2013-05-22]","BBVA Banco Continental","AFP HORIZONTE S.A.",HO01,"Otros Bonos Sector Financiero",2012,9,Setiembre,78308.11697,0.03039295
"CALDERON FUENTES EDWIN HUMBERTO","OFICIAL CUMPLIMIENTO NORMATIVO","GERENTE DE CONTROL INTERNO E I","[2011-10-27 / 2013-05-22]","BBVA Banco Continental","AFP HORIZONTE S.A.",HO01,"Otros Bonos Sector Financiero",2012,10,Octubre,79489.80022,0.02982911
"CALDERON FUENTES EDWIN HUMBERTO","OFICIAL CUMPLIMIENTO NORMATIVO","GERENTE DE CONTROL INTERNO E I","[2011-10-27 / 2013-05-22]","BBVA Banco Continental","AFP HORIZONTE S.A.",HO01,"Otros Bonos Sector Financiero",2012,11,Noviembre,73703.68075,0.027119088
"CALDERON FUENTES EDWIN HUMBERTO","OFICIAL CUMPLIMIENTO NORMATIVO","GERENTE DE CONTROL INTERNO E I","[2011-10-27 / 2013-05-22]","BBVA Banco Continental","AFP HORIZONTE S.A.",HO01,"Otros Bonos Sector Financiero",2012,12,Diciembre,73910.48657,0.026288099
"CALDERON FUENTES EDWIN HUMBERTO","OFICIAL CUMPLIMIENTO NORMATIVO","GERENTE DE CONTROL INTERNO E I","[2011-10-27 / 2013-05-22]","BBVA Banco Continental","AFP HORIZONTE S.A.",HO01,"Otros Bonos Sector Financiero",2013,1,Enero,74480.94235,0.025627944
"CALDERON FUENTES EDWIN HUMBERTO","OFICIAL CUMPLIMIENTO NORMATIVO","GERENTE DE CONTROL INTERNO E I","[2011-10-27 / 2013-05-22]","BBVA Banco Continental","AFP HORIZONTE S.A.",HO01,"Otros Bonos Sector Financiero",2013,2,Febrero,74003.88104,0.024982618
"CALDERON FUENTES EDWIN HUMBERTO","OFICIAL CUMPLIMIENTO NORMATIVO","GERENTE DE CONTROL INTERNO E I","[2011-10-27 / 2013-05-22]","BBVA Banco Continental","AFP HORIZONTE S.A.",HO01,"Otros Bonos Sector Financiero",2013,3,Marzo,74603.09802,0.024848251
"CALDERON FUENTES EDWIN HUMBERTO","OFICIAL CUMPLIMIENTO NORMATIVO","GERENTE DE CONTROL INTERNO E I","[2011-10-27 / 2013-05-22]","BBVA Banco Continental","AFP HORIZONTE S.A.",HO01,"Otros Bonos Sector Financiero",2013,4,Abril,74242.87061,0.024191007
"CALDERON FUENTES EDWIN HUMBERTO","OFICIAL CUMPLIMIENTO NORMATIVO","GERENTE DE CONTROL INTERNO E I","[2011-10-27 / 2013-05-22]","BBVA Banco Continental","AFP HORIZONTE S.A.",HO01,"Otros Bonos Sector Financiero",2013,5,Mayo,66078.46766,0.021916353
"CALDERON FUENTES EDWIN HUMBERTO","OFICIAL CUMPLIMIENTO NORMATIVO","GERENTE DE CONTROL INTERNO E I","[2011-10-27 / 2013-05-22]","BBVA Banco Continental","AFP HORIZONTE S.A.",HO02,"Acciones Comunes",2011,10,Octubre,108250.9491,0.007651778
"CALDERON FUENTES EDWIN HUMBERTO","OFICIAL CUMPLIMIENTO NORMATIVO","GERENTE DE CONTROL INTERNO E I","[2011-10-27 / 2013-05-22]","BBVA Banco Continental","AFP HORIZONTE S.A.",HO02,"Acciones Comunes",2011,11,Noviembre,93332.20761,0.006631685
"CALDERON FUENTES EDWIN HUMBERTO","OFICIAL CUMPLIMIENTO NORMATIVO","GERENTE DE CONTROL INTERNO E I","[2011-10-27 / 2013-05-22]","BBVA Banco Continental","AFP HORIZONTE S.A.",HO02,"Acciones Comunes",2011,12,Diciembre,88064.46376,0.006292537
"CALDERON FUENTES EDWIN HUMBERTO","OFICIAL CUMPLIMIENTO NORMATIVO","GERENTE DE CONTROL INTERNO E I","[2011-10-27 / 2013-05-22]","BBVA Banco Continental","AFP HORIZONTE S.A.",HO02,"Acciones Comunes",2012,1,Enero,84077.05401,0.005692328
"CALDERON FUENTES EDWIN HUMBERTO","OFICIAL CUMPLIMIENTO NORMATIVO","GERENTE DE CONTROL INTERNO E I","[2011-10-27 / 2013-05-22]","BBVA Banco Continental","AFP HORIZONTE S.A.",HO02,"Acciones Comunes",2012,2,Febrero,89181.4389,0.005899699
"CALDERON FUENTES EDWIN HUMBERTO","OFICIAL CUMPLIMIENTO NORMATIVO","GERENTE DE CONTROL INTERNO E I","[2011-10-27 / 2013-05-22]","BBVA Banco Continental","AFP HORIZONTE S.A.",HO02,"Acciones Comunes",2012,3,Marzo,92830.08331,0.0061053
"CALDERON FUENTES EDWIN HUMBERTO","OFICIAL CUMPLIMIENTO NORMATIVO","GERENTE DE CONTROL INTERNO E I","[2011-10-27 / 2013-05-22]","BBVA Banco Continental","AFP HORIZONTE S.A.",HO02,"Acciones Comunes",2012,4,Abril,91837.3945,0.005982691
"CALDERON FUENTES EDWIN HUMBERTO","OFICIAL CUMPLIMIENTO NORMATIVO","GERENTE DE CONTROL INTERNO E I","[2011-10-27 / 2013-05-22]","BBVA Banco Continental","AFP HORIZONTE S.A.",HO02,"Acciones Comunes",2012,5,Mayo,81379.77425,0.00547955
"CALDERON FUENTES EDWIN HUMBERTO","OFICIAL CUMPLIMIENTO NORMATIVO","GERENTE DE CONTROL INTERNO E I","[2011-10-27 / 2013-05-22]","BBVA Banco Continental","AFP HORIZONTE S.A.",HO02,"Acciones Comunes",2012,6,Junio,82358.44872,0.005462687
"CALDERON FUENTES EDWIN HUMBERTO","OFICIAL CUMPLIMIENTO NORMATIVO","GERENTE DE CONTROL INTERNO E I","[2011-10-27 / 2013-05-22]","BBVA Banco Continental","AFP HORIZONTE S.A.",HO02,"Acciones Comunes",2012,7,Julio,84520.42667,0.005614645
"CALDERON FUENTES EDWIN HUMBERTO","OFICIAL CUMPLIMIENTO NORMATIVO","GERENTE DE CONTROL INTERNO E I","[2011-10-27 / 2013-05-22]","BBVA Banco Continental","AFP HORIZONTE S.A.",HO02,"Acciones Comunes",2012,8,Agosto,89282.10356,0.005879562
"CALDERON FUENTES EDWIN HUMBERTO","OFICIAL CUMPLIMIENTO NORMATIVO","GERENTE DE CONTROL INTERNO E I","[2011-10-27 / 2013-05-22]","BBVA Banco Continental","AFP HORIZONTE S.A.",HO02,"Acciones Comunes",2012,9,Setiembre,100864.2084,0.0064663
"CALDERON FUENTES EDWIN HUMBERTO","OFICIAL CUMPLIMIENTO NORMATIVO","GERENTE DE CONTROL INTERNO E I","[2011-10-27 / 2013-05-22]","BBVA Banco Continental","AFP HORIZONTE S.A.",HO02,"Acciones Comunes",2012,10,Octubre,101672.7366,0.006516804
"CALDERON FUENTES EDWIN HUMBERTO","OFICIAL CUMPLIMIENTO NORMATIVO","GERENTE DE CONTROL INTERNO E I","[2011-10-27 / 2013-05-22]","BBVA Banco Continental","AFP HORIZONTE S.A.",HO02,"Acciones Comunes",2012,11,Noviembre,105033.3502,0.006660948
"CALDERON FUENTES EDWIN HUMBERTO","OFICIAL CUMPLIMIENTO NORMATIVO","GERENTE DE CONTROL INTERNO E I","[2011-10-27 / 2013-05-22]","BBVA Banco Continental","AFP HORIZONTE S.A.",HO02,"Acciones Comunes",2012,12,Diciembre,114243.3543,0.007089036
"CALDERON FUENTES EDWIN HUMBERTO","OFICIAL CUMPLIMIENTO NORMATIVO","GERENTE DE CONTROL INTERNO E I","[2011-10-27 / 2013-05-22]","BBVA Banco Continental","AFP HORIZONTE S.A.",HO02,"Acciones Comunes",2013,1,Enero,89550.77291,0.005452707
"CALDERON FUENTES EDWIN HUMBERTO","OFICIAL CUMPLIMIENTO NORMATIVO","GERENTE DE CONTROL INTERNO E I","[2011-10-27 / 2013-05-22]","BBVA Banco Continental","AFP HORIZONTE S.A.",HO02,"Acciones Comunes",2013,2,Febrero,80975.42621,0.004966211
"CALDERON FUENTES EDWIN HUMBERTO","OFICIAL CUMPLIMIENTO NORMATIVO","GERENTE DE CONTROL INTERNO E I","[2011-10-27 / 2013-05-22]","BBVA Banco Continental","AFP HORIZONTE S.A.",HO02,"Acciones Comunes",2013,3,Marzo,81431.21871,0.0049562
"CALDERON FUENTES EDWIN HUMBERTO","OFICIAL CUMPLIMIENTO NORMATIVO","GERENTE DE CONTROL INTERNO E I","[2011-10-27 / 2013-05-22]","BBVA Banco Continental","AFP HORIZONTE S.A.",HO02,"Acciones Comunes",2013,4,Abril,77647.36557,0.004687354
"CALDERON FUENTES EDWIN HUMBERTO","OFICIAL CUMPLIMIENTO NORMATIVO","GERENTE DE CONTROL INTERNO E I","[2011-10-27 / 2013-05-22]","BBVA Banco Continental","AFP HORIZONTE S.A.",HO02,"Acciones Comunes",2013,5,Mayo,72987.63949,0.004517149
"CALDERON FUENTES EDWIN HUMBERTO","OFICIAL CUMPLIMIENTO NORMATIVO","GERENTE DE CONTROL INTERNO E I","[2011-10-27 / 2013-05-22]","BBVA Banco Continental","AFP HORIZONTE S.A.",HO02,"Bonos de Arrendamiento Financiero",2011,10,Octubre,7137.929807,0.000504549
"CALDERON FUENTES EDWIN HUMBERTO","OFICIAL CUMPLIMIENTO NORMATIVO","GERENTE DE CONTROL INTERNO E I","[2011-10-27 / 2013-05-22]","BBVA Banco Continental","AFP HORIZONTE S.A.",HO02,"Bonos de Arrendamiento Financiero",2011,11,Noviembre,7014.342936,0.000498402
"CALDERON FUENTES EDWIN HUMBERTO","OFICIAL CUMPLIMIENTO NORMATIVO","GERENTE DE CONTROL INTERNO E I","[2011-10-27 / 2013-05-22]","BBVA Banco Continental","AFP HORIZONTE S.A.",HO02,"Bonos de Arrendamiento Financiero",2011,12,Diciembre,7057.782344,0.000504305
"CALDERON FUENTES EDWIN HUMBERTO","OFICIAL CUMPLIMIENTO NORMATIVO","GERENTE DE CONTROL INTERNO E I","[2011-10-27 / 2013-05-22]","BBVA Banco Continental","AFP HORIZONTE S.A.",HO02,"Bonos de Arrendamiento Financiero",2012,1,Enero,7101.83908,0.000480821
"CALDERON FUENTES EDWIN HUMBERTO","OFICIAL CUMPLIMIENTO NORMATIVO","GERENTE DE CONTROL INTERNO E I","[2011-10-27 / 2013-05-22]","BBVA Banco Continental","AFP HORIZONTE S.A.",HO02,"Bonos de Arrendamiento Financiero",2012,2,Febrero,7231.058257,0.000478363
"CALDERON FUENTES EDWIN HUMBERTO","OFICIAL CUMPLIMIENTO NORMATIVO","GERENTE DE CONTROL INTERNO E I","[2011-10-27 / 2013-05-22]","BBVA Banco Continental","AFP HORIZONTE S.A.",HO02,"Bonos de Arrendamiento Financiero",2012,3,Marzo,7213.877824,0.000474446
"CALDERON FUENTES EDWIN HUMBERTO","OFICIAL CUMPLIMIENTO NORMATIVO","GERENTE DE CONTROL INTERNO E I","[2011-10-27 / 2013-05-22]","BBVA Banco Continental","AFP HORIZONTE S.A.",HO02,"Bonos de Arrendamiento Financiero",2012,4,Abril,7331.93614,0.000477635
"CALDERON FUENTES EDWIN HUMBERTO","OFICIAL CUMPLIMIENTO NORMATIVO","GERENTE DE CONTROL INTERNO E I","[2011-10-27 / 2013-05-22]","BBVA Banco Continental","AFP HORIZONTE S.A.",HO02,"Bonos de Arrendamiento Financiero",2012,5,Mayo,7277.130195,0.000489991
"CALDERON FUENTES EDWIN HUMBERTO","OFICIAL CUMPLIMIENTO NORMATIVO","GERENTE DE CONTROL INTERNO E I","[2011-10-27 / 2013-05-22]","BBVA Banco Continental","AFP HORIZONTE S.A.",HO02,"Bonos de Arrendamiento Financiero",2012,6,Junio,7356.611497,0.000487951
"CALDERON FUENTES EDWIN HUMBERTO","OFICIAL CUMPLIMIENTO NORMATIVO","GERENTE DE CONTROL INTERNO E I","[2011-10-27 / 2013-05-22]","BBVA Banco Continental","AFP HORIZONTE S.A.",HO02,"Bonos de Arrendamiento Financiero",2012,7,Julio,7288.950149,0.000484201
"CALDERON FUENTES EDWIN HUMBERTO","OFICIAL CUMPLIMIENTO NORMATIVO","GERENTE DE CONTROL INTERNO E I","[2011-10-27 / 2013-05-22]","BBVA Banco Continental","AFP HORIZONTE S.A.",HO02,"Bonos de Arrendamiento Financiero",2012,8,Agosto,7291.306734,0.00048016
"CALDERON FUENTES EDWIN HUMBERTO","OFICIAL CUMPLIMIENTO NORMATIVO","GERENTE DE CONTROL INTERNO E I","[2011-10-27 / 2013-05-22]","BBVA Banco Continental","AFP HORIZONTE S.A.",HO02,"Bonos de Arrendamiento Financiero",2012,9,Setiembre,7344.955911,0.000470878
"CALDERON FUENTES EDWIN HUMBERTO","OFICIAL CUMPLIMIENTO NORMATIVO","GERENTE DE CONTROL INTERNO E I","[2011-10-27 / 2013-05-22]","BBVA Banco Continental","AFP HORIZONTE S.A.",HO02,"Bonos de Arrendamiento Financiero",2012,10,Octubre,7368.496218,0.00047229
"CALDERON FUENTES EDWIN HUMBERTO","OFICIAL CUMPLIMIENTO NORMATIVO","GERENTE DE CONTROL INTERNO E I","[2011-10-27 / 2013-05-22]","BBVA Banco Continental","AFP HORIZONTE S.A.",HO02,"Bonos de Arrendamiento Financiero",2012,11,Noviembre,7292.297986,0.000462459
"CALDERON FUENTES EDWIN HUMBERTO","OFICIAL CUMPLIMIENTO NORMATIVO","GERENTE DE CONTROL INTERNO E I","[2011-10-27 / 2013-05-22]","BBVA Banco Continental","AFP HORIZONTE S.A.",HO02,"Bonos de Arrendamiento Financiero",2012,12,Diciembre,7322.6342,0.000454385
"CALDERON FUENTES EDWIN HUMBERTO","OFICIAL CUMPLIMIENTO NORMATIVO","GERENTE DE CONTROL INTERNO E I","[2011-10-27 / 2013-05-22]","BBVA Banco Continental","AFP HORIZONTE S.A.",HO02,"Bonos de Arrendamiento Financiero",2013,1,Enero,7464.648076,0.000454519
"CALDERON FUENTES EDWIN HUMBERTO","OFICIAL CUMPLIMIENTO NORMATIVO","GERENTE DE CONTROL INTERNO E I","[2011-10-27 / 2013-05-22]","BBVA Banco Continental","AFP HORIZONTE S.A.",HO02,"Bonos de Arrendamiento Financiero",2013,2,Febrero,7568.674923,0.000464186
"CALDERON FUENTES EDWIN HUMBERTO","OFICIAL CUMPLIMIENTO NORMATIVO","GERENTE DE CONTROL INTERNO E I","[2011-10-27 / 2013-05-22]","BBVA Banco Continental","AFP HORIZONTE S.A.",HO02,"Bonos de Arrendamiento Financiero",2013,3,Marzo,7493.154321,0.000456061
"CALDERON FUENTES EDWIN HUMBERTO","OFICIAL CUMPLIMIENTO NORMATIVO","GERENTE DE CONTROL INTERNO E I","[2011-10-27 / 2013-05-22]","BBVA Banco Continental","AFP HORIZONTE S.A.",HO02,"Bonos de Arrendamiento Financiero",2013,4,Abril,7473.781613,0.000451171
"CALDERON FUENTES EDWIN HUMBERTO","OFICIAL CUMPLIMIENTO NORMATIVO","GERENTE DE CONTROL INTERNO E I","[2011-10-27 / 2013-05-22]","BBVA Banco Continental","AFP HORIZONTE S.A.",HO02,"Bonos de Arrendamiento Financiero",2013,5,Mayo,7263.313013,0.000449521
"CALDERON FUENTES EDWIN HUMBERTO","OFICIAL CUMPLIMIENTO NORMATIVO","GERENTE DE CONTROL INTERNO E I","[2011-10-27 / 2013-05-22]","BBVA Banco Continental","AFP HORIZONTE S.A.",HO02,"Bonos Subordinados",2011,10,Octubre,49578.91997,0.003504513
"CALDERON FUENTES EDWIN HUMBERTO","OFICIAL CUMPLIMIENTO NORMATIVO","GERENTE DE CONTROL INTERNO E I","[2011-10-27 / 2013-05-22]","BBVA Banco Continental","AFP HORIZONTE S.A.",HO02,"Bonos Subordinados",2011,11,Noviembre,49080.56617,0.003487401
"CALDERON FUENTES EDWIN HUMBERTO","OFICIAL CUMPLIMIENTO NORMATIVO","GERENTE DE CONTROL INTERNO E I","[2011-10-27 / 2013-05-22]","BBVA Banco Continental","AFP HORIZONTE S.A.",HO02,"Bonos Subordinados",2011,12,Diciembre,48603.69182,0.003472916
"CALDERON FUENTES EDWIN HUMBERTO","OFICIAL CUMPLIMIENTO NORMATIVO","GERENTE DE CONTROL INTERNO E I","[2011-10-27 / 2013-05-22]","BBVA Banco Continental","AFP HORIZONTE S.A.",HO02,"Bonos Subordinados",2012,1,Enero,48645.62943,0.003293489
"CALDERON FUENTES EDWIN HUMBERTO","OFICIAL CUMPLIMIENTO NORMATIVO","GERENTE DE CONTROL INTERNO E I","[2011-10-27 / 2013-05-22]","BBVA Banco Continental","AFP HORIZONTE S.A.",HO02,"Bonos Subordinados",2012,2,Febrero,50502.00316,0.003340904
"CALDERON FUENTES EDWIN HUMBERTO","OFICIAL CUMPLIMIENTO NORMATIVO","GERENTE DE CONTROL INTERNO E I","[2011-10-27 / 2013-05-22]","BBVA Banco Continental","AFP HORIZONTE S.A.",HO02,"Bonos Subordinados",2012,3,Marzo,50818.02036,0.003342228
"CALDERON FUENTES EDWIN HUMBERTO","OFICIAL CUMPLIMIENTO NORMATIVO","GERENTE DE CONTROL INTERNO E I","[2011-10-27 / 2013-05-22]","BBVA Banco Continental","AFP HORIZONTE S.A.",HO02,"Bonos Subordinados",2012,4,Abril,53074.19151,0.003457486
"CALDERON FUENTES EDWIN HUMBERTO","OFICIAL CUMPLIMIENTO NORMATIVO","GERENTE DE CONTROL INTERNO E I","[2011-10-27 / 2013-05-22]","BBVA Banco Continental","AFP HORIZONTE S.A.",HO02,"Bonos Subordinados",2012,5,Mayo,52048.1795,0.003504563
"CALDERON FUENTES EDWIN HUMBERTO","OFICIAL CUMPLIMIENTO NORMATIVO","GERENTE DE CONTROL INTERNO E I","[2011-10-27 / 2013-05-22]","BBVA Banco Continental","AFP HORIZONTE S.A.",HO02,"Bonos Subordinados",2012,6,Junio,54969.48043,0.003646027
"CALDERON FUENTES EDWIN HUMBERTO","OFICIAL CUMPLIMIENTO NORMATIVO","GERENTE DE CONTROL INTERNO E I","[2011-10-27 / 2013-05-22]","BBVA Banco Continental","AFP HORIZONTE S.A.",HO02,"Bonos Subordinados",2012,7,Julio,55063.5358,0.00365784
"CALDERON FUENTES EDWIN HUMBERTO","OFICIAL CUMPLIMIENTO NORMATIVO","GERENTE DE CONTROL INTERNO E I","[2011-10-27 / 2013-05-22]","BBVA Banco Continental","AFP HORIZONTE S.A.",HO02,"Bonos Subordinados",2012,8,Agosto,56000.87034,0.003687868
"CALDERON FUENTES EDWIN HUMBERTO","OFICIAL CUMPLIMIENTO NORMATIVO","GERENTE DE CONTROL INTERNO E I","[2011-10-27 / 2013-05-22]","BBVA Banco Continental","AFP HORIZONTE S.A.",HO02,"Bonos Subordinados",2012,9,Setiembre,56352.31868,0.003612689
"CALDERON FUENTES EDWIN HUMBERTO","OFICIAL CUMPLIMIENTO NORMATIVO","GERENTE DE CONTROL INTERNO E I","[2011-10-27 / 2013-05-22]","BBVA Banco Continental","AFP HORIZONTE S.A.",HO02,"Bonos Subordinados",2012,10,Octubre,57068.97824,0.003657887
"CALDERON FUENTES EDWIN HUMBERTO","OFICIAL CUMPLIMIENTO NORMATIVO","GERENTE DE CONTROL INTERNO E I","[2011-10-27 / 2013-05-22]","BBVA Banco Continental","AFP HORIZONTE S.A.",HO02,"Bonos Subordinados",2012,11,Noviembre,57467.48036,0.003644442
"CALDERON FUENTES EDWIN HUMBERTO","OFICIAL CUMPLIMIENTO NORMATIVO","GERENTE DE CONTROL INTERNO E I","[2011-10-27 / 2013-05-22]","BBVA Banco Continental","AFP HORIZONTE S.A.",HO02,"Bonos Subordinados",2012,12,Diciembre,57117.64861,0.003544268
"CALDERON FUENTES EDWIN HUMBERTO","OFICIAL CUMPLIMIENTO NORMATIVO","GERENTE DE CONTROL INTERNO E I","[2011-10-27 / 2013-05-22]","BBVA Banco Continental","AFP HORIZONTE S.A.",HO02,"Bonos Subordinados",2013,1,Enero,57330.48704,0.003490828
"CALDERON FUENTES EDWIN HUMBERTO","OFICIAL CUMPLIMIENTO NORMATIVO","GERENTE DE CONTROL INTERNO E I","[2011-10-27 / 2013-05-22]","BBVA Banco Continental","AFP HORIZONTE S.A.",HO02,"Bonos Subordinados",2013,2,Febrero,57333.17001,0.003516235
"CALDERON FUENTES EDWIN HUMBERTO","OFICIAL CUMPLIMIENTO NORMATIVO","GERENTE DE CONTROL INTERNO E I","[2011-10-27 / 2013-05-22]","BBVA Banco Continental","AFP HORIZONTE S.A.",HO02,"Bonos Subordinados",2013,3,Marzo,57214.42351,0.003482278
"CALDERON FUENTES EDWIN HUMBERTO","OFICIAL CUMPLIMIENTO NORMATIVO","GERENTE DE CONTROL INTERNO E I","[2011-10-27 / 2013-05-22]","BBVA Banco Continental","AFP HORIZONTE S.A.",HO02,"Bonos Subordinados",2013,4,Abril,58014.40347,0.003502167
"CALDERON FUENTES EDWIN HUMBERTO","OFICIAL CUMPLIMIENTO NORMATIVO","GERENTE DE CONTROL INTERNO E I","[2011-10-27 / 2013-05-22]","BBVA Banco Continental","AFP HORIZONTE S.A.",HO02,"Bonos Subordinados",2013,5,Mayo,53064.07874,0.003284095
"CALDERON FUENTES EDWIN HUMBERTO","OFICIAL CUMPLIMIENTO NORMATIVO","GERENTE DE CONTROL INTERNO E I","[2011-10-27 / 2013-05-22]","BBVA Banco Continental","AFP HORIZONTE S.A.",HO02,"Cuentas Corrientes",2011,10,Octubre,42143.39971,0.00297893
"CALDERON FUENTES EDWIN HUMBERTO","OFICIAL CUMPLIMIENTO NORMATIVO","GERENTE DE CONTROL INTERNO E I","[2011-10-27 / 2013-05-22]","BBVA Banco Continental","AFP HORIZONTE S.A.",HO02,"Cuentas Corrientes",2011,11,Noviembre,12611.68421,0.000896119
"CALDERON FUENTES EDWIN HUMBERTO","OFICIAL CUMPLIMIENTO NORMATIVO","GERENTE DE CONTROL INTERNO E I","[2011-10-27 / 2013-05-22]","BBVA Banco Continental","AFP HORIZONTE S.A.",HO02,"Cuentas Corrientes",2011,12,Diciembre,83857.32033,0.00599192
"CALDERON FUENTES EDWIN HUMBERTO","OFICIAL CUMPLIMIENTO NORMATIVO","GERENTE DE CONTROL INTERNO E I","[2011-10-27 / 2013-05-22]","BBVA Banco Continental","AFP HORIZONTE S.A.",HO02,"Cuentas Corrientes",2012,1,Enero,32974.7788,0.002232515
"CALDERON FUENTES EDWIN HUMBERTO","OFICIAL CUMPLIMIENTO NORMATIVO","GERENTE DE CONTROL INTERNO E I","[2011-10-27 / 2013-05-22]","BBVA Banco Continental","AFP HORIZONTE S.A.",HO02,"Cuentas Corrientes",2012,2,Febrero,56031.34487,0.003706691
"CALDERON FUENTES EDWIN HUMBERTO","OFICIAL CUMPLIMIENTO NORMATIVO","GERENTE DE CONTROL INTERNO E I","[2011-10-27 / 2013-05-22]","BBVA Banco Continental","AFP HORIZONTE S.A.",HO02,"Cuentas Corrientes",2012,3,Marzo,48488.87945,0.003189044
"CALDERON FUENTES EDWIN HUMBERTO","OFICIAL CUMPLIMIENTO NORMATIVO","GERENTE DE CONTROL INTERNO E I","[2011-10-27 / 2013-05-22]","BBVA Banco Continental","AFP HORIZONTE S.A.",HO02,"Cuentas Corrientes",2012,4,Abril,12965.23262,0.000844612
"CALDERON FUENTES EDWIN HUMBERTO","OFICIAL CUMPLIMIENTO NORMATIVO","GERENTE DE CONTROL INTERNO E I","[2011-10-27 / 2013-05-22]","BBVA Banco Continental","AFP HORIZONTE S.A.",HO02,"Cuentas Corrientes",2012,5,Mayo,12892.28095,0.000868077
"CALDERON FUENTES EDWIN HUMBERTO","OFICIAL CUMPLIMIENTO NORMATIVO","GERENTE DE CONTROL INTERNO E I","[2011-10-27 / 2013-05-22]","BBVA Banco Continental","AFP HORIZONTE S.A.",HO02,"Cuentas Corrientes",2012,6,Junio,17782.33437,0.00117947
"CALDERON FUENTES EDWIN HUMBERTO","OFICIAL CUMPLIMIENTO NORMATIVO","GERENTE DE CONTROL INTERNO E I","[2011-10-27 / 2013-05-22]","BBVA Banco Continental","AFP HORIZONTE S.A.",HO02,"Cuentas Corrientes",2012,7,Julio,16977.14689,0.001127782
"CALDERON FUENTES EDWIN HUMBERTO","OFICIAL CUMPLIMIENTO NORMATIVO","GERENTE DE CONTROL INTERNO E I","[2011-10-27 / 2013-05-22]","BBVA Banco Continental","AFP HORIZONTE S.A.",HO02,"Cuentas Corrientes",2012,8,Agosto,117376.0433,0.007729653
"CALDERON FUENTES EDWIN HUMBERTO","OFICIAL CUMPLIMIENTO NORMATIVO","GERENTE DE CONTROL INTERNO E I","[2011-10-27 / 2013-05-22]","BBVA Banco Continental","AFP HORIZONTE S.A.",HO02,"Cuentas Corrientes",2012,9,Setiembre,13933.80773,0.000893282
"CALDERON FUENTES EDWIN HUMBERTO","OFICIAL CUMPLIMIENTO NORMATIVO","GERENTE DE CONTROL INTERNO E I","[2011-10-27 / 2013-05-22]","BBVA Banco Continental","AFP HORIZONTE S.A.",HO02,"Cuentas Corrientes",2012,10,Octubre,15259.17241,0.00097805
"CALDERON FUENTES EDWIN HUMBERTO","OFICIAL CUMPLIMIENTO NORMATIVO","GERENTE DE CONTROL INTERNO E I","[2011-10-27 / 2013-05-22]","BBVA Banco Continental","AFP HORIZONTE S.A.",HO02,"Cuentas Corrientes",2012,11,Noviembre,17996.83767,0.001141314
"CALDERON FUENTES EDWIN HUMBERTO","OFICIAL CUMPLIMIENTO NORMATIVO","GERENTE DE CONTROL INTERNO E I","[2011-10-27 / 2013-05-22]","BBVA Banco Continental","AFP HORIZONTE S.A.",HO02,"Cuentas Corrientes",2012,12,Diciembre,14003.24651,0.00086893
"CALDERON FUENTES EDWIN HUMBERTO","OFICIAL CUMPLIMIENTO NORMATIVO","GERENTE DE CONTROL INTERNO E I","[2011-10-27 / 2013-05-22]","BBVA Banco Continental","AFP HORIZONTE S.A.",HO02,"Cuentas Corrientes",2013,1,Enero,13103.66912,0.000797877
"CALDERON FUENTES EDWIN HUMBERTO","OFICIAL CUMPLIMIENTO NORMATIVO","GERENTE DE CONTROL INTERNO E I","[2011-10-27 / 2013-05-22]","BBVA Banco Continental","AFP HORIZONTE S.A.",HO02,"Cuentas Corrientes",2013,2,Febrero,10179.82403,0.000624327
"CALDERON FUENTES EDWIN HUMBERTO","OFICIAL CUMPLIMIENTO NORMATIVO","GERENTE DE CONTROL INTERNO E I","[2011-10-27 / 2013-05-22]","BBVA Banco Continental","AFP HORIZONTE S.A.",HO02,"Cuentas Corrientes",2013,3,Marzo,10748.30044,0.000654181
"CALDERON FUENTES EDWIN HUMBERTO","OFICIAL CUMPLIMIENTO NORMATIVO","GERENTE DE CONTROL INTERNO E I","[2011-10-27 / 2013-05-22]","BBVA Banco Continental","AFP HORIZONTE S.A.",HO02,"Cuentas Corrientes",2013,4,Abril,16912.16766,0.00102094
"CALDERON FUENTES EDWIN HUMBERTO","OFICIAL CUMPLIMIENTO NORMATIVO","GERENTE DE CONTROL INTERNO E I","[2011-10-27 / 2013-05-22]","BBVA Banco Continental","AFP HORIZONTE S.A.",HO02,"Cuentas Corrientes",2013,5,Mayo,8839.546692,0.000547073
"CALDERON FUENTES EDWIN HUMBERTO","OFICIAL CUMPLIMIENTO NORMATIVO","GERENTE DE CONTROL INTERNO E I","[2011-10-27 / 2013-05-22]","BBVA Banco Continental","AFP HORIZONTE S.A.",HO02,"Depósitos a Plazo",2011,10,Octubre,160083.2222,0.011315571
"CALDERON FUENTES EDWIN HUMBERTO","OFICIAL CUMPLIMIENTO NORMATIVO","GERENTE DE CONTROL INTERNO E I","[2011-10-27 / 2013-05-22]","BBVA Banco Continental","AFP HORIZONTE S.A.",HO02,"Depósitos a Plazo",2011,11,Noviembre,140000,0.009947648
"CALDERON FUENTES EDWIN HUMBERTO","OFICIAL CUMPLIMIENTO NORMATIVO","GERENTE DE CONTROL INTERNO E I","[2011-10-27 / 2013-05-22]","BBVA Banco Continental","AFP HORIZONTE S.A.",HO02,"Depósitos a Plazo",2011,12,Diciembre,5016.3125,0.000358434
"CALDERON FUENTES EDWIN HUMBERTO","OFICIAL CUMPLIMIENTO NORMATIVO","GERENTE DE CONTROL INTERNO E I","[2011-10-27 / 2013-05-22]","BBVA Banco Continental","AFP HORIZONTE S.A.",HO02,"Depósitos a Plazo",2012,1,Enero,130000,0.008801481
"CALDERON FUENTES EDWIN HUMBERTO","OFICIAL CUMPLIMIENTO NORMATIVO","GERENTE DE CONTROL INTERNO E I","[2011-10-27 / 2013-05-22]","BBVA Banco Continental","AFP HORIZONTE S.A.",HO02,"Depósitos a Plazo",2012,2,Febrero,139000,0.00919539
"CALDERON FUENTES EDWIN HUMBERTO","OFICIAL CUMPLIMIENTO NORMATIVO","GERENTE DE CONTROL INTERNO E I","[2011-10-27 / 2013-05-22]","BBVA Banco Continental","AFP HORIZONTE S.A.",HO02,"Depósitos a Plazo",2012,3,Marzo,130000,0.008549912
"CALDERON FUENTES EDWIN HUMBERTO","OFICIAL CUMPLIMIENTO NORMATIVO","GERENTE DE CONTROL INTERNO E I","[2011-10-27 / 2013-05-22]","BBVA Banco Continental","AFP HORIZONTE S.A.",HO02,"Depósitos a Plazo",2012,4,Abril,163045.5044,0.0106215
"CALDERON FUENTES EDWIN HUMBERTO","OFICIAL CUMPLIMIENTO NORMATIVO","GERENTE DE CONTROL INTERNO E I","[2011-10-27 / 2013-05-22]","BBVA Banco Continental","AFP HORIZONTE S.A.",HO02,"Depósitos a Plazo",2012,5,Mayo,130000,0.008753298
"CALDERON FUENTES EDWIN HUMBERTO","OFICIAL CUMPLIMIENTO NORMATIVO","GERENTE DE CONTROL INTERNO E I","[2011-10-27 / 2013-05-22]","BBVA Banco Continental","AFP HORIZONTE S.A.",HO02,"Depósitos a Plazo",2012,6,Junio,155639.0152,0.010323255
"CALDERON FUENTES EDWIN HUMBERTO","OFICIAL CUMPLIMIENTO NORMATIVO","GERENTE DE CONTROL INTERNO E I","[2011-10-27 / 2013-05-22]","BBVA Banco Continental","AFP HORIZONTE S.A.",HO02,"Depósitos a Plazo",2012,7,Julio,6000,0.000398577
"CALDERON FUENTES EDWIN HUMBERTO","OFICIAL CUMPLIMIENTO NORMATIVO","GERENTE DE CONTROL INTERNO E I","[2011-10-27 / 2013-05-22]","BBVA Banco Continental","AFP HORIZONTE S.A.",HO02,"Depósitos a Plazo",2012,8,Agosto,174590.558,0.011497444
"CALDERON FUENTES EDWIN HUMBERTO","OFICIAL CUMPLIMIENTO NORMATIVO","GERENTE DE CONTROL INTERNO E I","[2011-10-27 / 2013-05-22]","BBVA Banco Continental","AFP HORIZONTE S.A.",HO02,"Depósitos a Plazo",2012,9,Setiembre,129750,0.008318139
"CALDERON FUENTES EDWIN HUMBERTO","OFICIAL CUMPLIMIENTO NORMATIVO","GERENTE DE CONTROL INTERNO E I","[2011-10-27 / 2013-05-22]","BBVA Banco Continental","AFP HORIZONTE S.A.",HO02,"Depósitos a Plazo",2012,10,Octubre,221677.4694,0.014208613
"CALDERON FUENTES EDWIN HUMBERTO","OFICIAL CUMPLIMIENTO NORMATIVO","GERENTE DE CONTROL INTERNO E I","[2011-10-27 / 2013-05-22]","BBVA Banco Continental","AFP HORIZONTE S.A.",HO02,"Depósitos a Plazo",2012,11,Noviembre,77340,0.004904706
"CALDERON FUENTES EDWIN HUMBERTO","OFICIAL CUMPLIMIENTO NORMATIVO","GERENTE DE CONTROL INTERNO E I","[2011-10-27 / 2013-05-22]","BBVA Banco Continental","AFP HORIZONTE S.A.",HO02,"Depósitos a Plazo",2012,12,Diciembre,100026.6667,0.006206861
"CALDERON FUENTES EDWIN HUMBERTO","OFICIAL CUMPLIMIENTO NORMATIVO","GERENTE DE CONTROL INTERNO E I","[2011-10-27 / 2013-05-22]","BBVA Banco Continental","AFP HORIZONTE S.A.",HO02,"Depósitos a Plazo",2013,1,Enero,0,0
"CALDERON FUENTES EDWIN HUMBERTO","OFICIAL CUMPLIMIENTO NORMATIVO","GERENTE DE CONTROL INTERNO E I","[2011-10-27 / 2013-05-22]","BBVA Banco Continental","AFP HORIZONTE S.A.",HO02,"Depósitos a Plazo",2013,2,Febrero,23292,0.001428495
"CALDERON FUENTES EDWIN HUMBERTO","OFICIAL CUMPLIMIENTO NORMATIVO","GERENTE DE CONTROL INTERNO E I","[2011-10-27 / 2013-05-22]","BBVA Banco Continental","AFP HORIZONTE S.A.",HO02,"Depósitos a Plazo",2013,3,Marzo,0,0
"CALDERON FUENTES EDWIN HUMBERTO","OFICIAL CUMPLIMIENTO NORMATIVO","GERENTE DE CONTROL INTERNO E I","[2011-10-27 / 2013-05-22]","BBVA Banco Continental","AFP HORIZONTE S.A.",HO02,"Depósitos a Plazo",2013,4,Abril,75000,0.00452754
"CALDERON FUENTES EDWIN HUMBERTO","OFICIAL CUMPLIMIENTO NORMATIVO","GERENTE DE CONTROL INTERNO E I","[2011-10-27 / 2013-05-22]","BBVA Banco Continental","AFP HORIZONTE S.A.",HO02,"Depósitos a Plazo",2013,5,Mayo,98367.5,0.006087889
"CALDERON FUENTES EDWIN HUMBERTO","OFICIAL CUMPLIMIENTO NORMATIVO","GERENTE DE CONTROL INTERNO E I","[2011-10-27 / 2013-05-22]","BBVA Banco Continental","AFP HORIZONTE S.A.",HO02,"Otros Bonos Sector Financiero",2011,10,Octubre,55446.17241,0.003919243
"CALDERON FUENTES EDWIN HUMBERTO","OFICIAL CUMPLIMIENTO NORMATIVO","GERENTE DE CONTROL INTERNO E I","[2011-10-27 / 2013-05-22]","BBVA Banco Continental","AFP HORIZONTE S.A.",HO02,"Otros Bonos Sector Financiero",2011,11,Noviembre,55210.91023,0.003922991
"CALDERON FUENTES EDWIN HUMBERTO","OFICIAL CUMPLIMIENTO NORMATIVO","GERENTE DE CONTROL INTERNO E I","[2011-10-27 / 2013-05-22]","BBVA Banco Continental","AFP HORIZONTE S.A.",HO02,"Otros Bonos Sector Financiero",2011,12,Diciembre,55454.23943,0.003962414
"CALDERON FUENTES EDWIN HUMBERTO","OFICIAL CUMPLIMIENTO NORMATIVO","GERENTE DE CONTROL INTERNO E I","[2011-10-27 / 2013-05-22]","BBVA Banco Continental","AFP HORIZONTE S.A.",HO02,"Otros Bonos Sector Financiero",2012,1,Enero,55871.35025,0.003782697
"CALDERON FUENTES EDWIN HUMBERTO","OFICIAL CUMPLIMIENTO NORMATIVO","GERENTE DE CONTROL INTERNO E I","[2011-10-27 / 2013-05-22]","BBVA Banco Continental","AFP HORIZONTE S.A.",HO02,"Otros Bonos Sector Financiero",2012,2,Febrero,55897.04718,0.003697807
"CALDERON FUENTES EDWIN HUMBERTO","OFICIAL CUMPLIMIENTO NORMATIVO","GERENTE DE CONTROL INTERNO E I","[2011-10-27 / 2013-05-22]","BBVA Banco Continental","AFP HORIZONTE S.A.",HO02,"Otros Bonos Sector Financiero",2012,3,Marzo,55936.77683,0.003678881
"CALDERON FUENTES EDWIN HUMBERTO","OFICIAL CUMPLIMIENTO NORMATIVO","GERENTE DE CONTROL INTERNO E I","[2011-10-27 / 2013-05-22]","BBVA Banco Continental","AFP HORIZONTE S.A.",HO02,"Otros Bonos Sector Financiero",2012,4,Abril,79552.38671,0.005182392
"CALDERON FUENTES EDWIN HUMBERTO","OFICIAL CUMPLIMIENTO NORMATIVO","GERENTE DE CONTROL INTERNO E I","[2011-10-27 / 2013-05-22]","BBVA Banco Continental","AFP HORIZONTE S.A.",HO02,"Otros Bonos Sector Financiero",2012,5,Mayo,80877.25607,0.005445713
"CALDERON FUENTES EDWIN HUMBERTO","OFICIAL CUMPLIMIENTO NORMATIVO","GERENTE DE CONTROL INTERNO E I","[2011-10-27 / 2013-05-22]","BBVA Banco Continental","AFP HORIZONTE S.A.",HO02,"Otros Bonos Sector Financiero",2012,6,Junio,82557.09376,0.005475863
"CALDERON FUENTES EDWIN HUMBERTO","OFICIAL CUMPLIMIENTO NORMATIVO","GERENTE DE CONTROL INTERNO E I","[2011-10-27 / 2013-05-22]","BBVA Banco Continental","AFP HORIZONTE S.A.",HO02,"Otros Bonos Sector Financiero",2012,7,Julio,95097.15499,0.006317251
"CALDERON FUENTES EDWIN HUMBERTO","OFICIAL CUMPLIMIENTO NORMATIVO","GERENTE DE CONTROL INTERNO E I","[2011-10-27 / 2013-05-22]","BBVA Banco Continental","AFP HORIZONTE S.A.",HO02,"Otros Bonos Sector Financiero",2012,8,Agosto,107274.7544,0.007064445
"CALDERON FUENTES EDWIN HUMBERTO","OFICIAL CUMPLIMIENTO NORMATIVO","GERENTE DE CONTROL INTERNO E I","[2011-10-27 / 2013-05-22]","BBVA Banco Continental","AFP HORIZONTE S.A.",HO02,"Otros Bonos Sector Financiero",2012,9,Setiembre,103461.8731,0.006632834
"CALDERON FUENTES EDWIN HUMBERTO","OFICIAL CUMPLIMIENTO NORMATIVO","GERENTE DE CONTROL INTERNO E I","[2011-10-27 / 2013-05-22]","BBVA Banco Continental","AFP HORIZONTE S.A.",HO02,"Otros Bonos Sector Financiero",2012,10,Octubre,96322.11001,0.006173851
"CALDERON FUENTES EDWIN HUMBERTO","OFICIAL CUMPLIMIENTO NORMATIVO","GERENTE DE CONTROL INTERNO E I","[2011-10-27 / 2013-05-22]","BBVA Banco Continental","AFP HORIZONTE S.A.",HO02,"Otros Bonos Sector Financiero",2012,11,Noviembre,97701.98095,0.006196011
"CALDERON FUENTES EDWIN HUMBERTO","OFICIAL CUMPLIMIENTO NORMATIVO","GERENTE DE CONTROL INTERNO E I","[2011-10-27 / 2013-05-22]","BBVA Banco Continental","AFP HORIZONTE S.A.",HO02,"Otros Bonos Sector Financiero",2012,12,Diciembre,98203.08438,0.006093704
"CALDERON FUENTES EDWIN HUMBERTO","OFICIAL CUMPLIMIENTO NORMATIVO","GERENTE DE CONTROL INTERNO E I","[2011-10-27 / 2013-05-22]","BBVA Banco Continental","AFP HORIZONTE S.A.",HO02,"Otros Bonos Sector Financiero",2013,1,Enero,98934.14638,0.006024056
"CALDERON FUENTES EDWIN HUMBERTO","OFICIAL CUMPLIMIENTO NORMATIVO","GERENTE DE CONTROL INTERNO E I","[2011-10-27 / 2013-05-22]","BBVA Banco Continental","AFP HORIZONTE S.A.",HO02,"Otros Bonos Sector Financiero",2013,2,Febrero,120931.3661,0.007416703
"CALDERON FUENTES EDWIN HUMBERTO","OFICIAL CUMPLIMIENTO NORMATIVO","GERENTE DE CONTROL INTERNO E I","[2011-10-27 / 2013-05-22]","BBVA Banco Continental","AFP HORIZONTE S.A.",HO02,"Otros Bonos Sector Financiero",2013,3,Marzo,128416.3514,0.007815886
"CALDERON FUENTES EDWIN HUMBERTO","OFICIAL CUMPLIMIENTO NORMATIVO","GERENTE DE CONTROL INTERNO E I","[2011-10-27 / 2013-05-22]","BBVA Banco Continental","AFP HORIZONTE S.A.",HO02,"Otros Bonos Sector Financiero",2013,4,Abril,127111.4909,0.007673365
"CALDERON FUENTES EDWIN HUMBERTO","OFICIAL CUMPLIMIENTO NORMATIVO","GERENTE DE CONTROL INTERNO E I","[2011-10-27 / 2013-05-22]","BBVA Banco Continental","AFP HORIZONTE S.A.",HO02,"Otros Bonos Sector Financiero",2013,5,Mayo,116251.6477,0.007194725
"CALDERON FUENTES EDWIN HUMBERTO","OFICIAL CUMPLIMIENTO NORMATIVO","GERENTE DE CONTROL INTERNO E I","[2011-10-27 / 2013-05-22]","BBVA Banco Continental","AFP HORIZONTE S.A.",HO03,"Acciones Comunes",2011,10,Octubre,81758.94393,0.024978894
"CALDERON FUENTES EDWIN HUMBERTO","OFICIAL CUMPLIMIENTO NORMATIVO","GERENTE DE CONTROL INTERNO E I","[2011-10-27 / 2013-05-22]","BBVA Banco Continental","AFP HORIZONTE S.A.",HO03,"Acciones Comunes",2011,11,Noviembre,77619.13433,0.023660404
"CALDERON FUENTES EDWIN HUMBERTO","OFICIAL CUMPLIMIENTO NORMATIVO","GERENTE DE CONTROL INTERNO E I","[2011-10-27 / 2013-05-22]","BBVA Banco Continental","AFP HORIZONTE S.A.",HO03,"Acciones Comunes",2011,12,Diciembre,77300.30484,0.023896599
"CALDERON FUENTES EDWIN HUMBERTO","OFICIAL CUMPLIMIENTO NORMATIVO","GERENTE DE CONTROL INTERNO E I","[2011-10-27 / 2013-05-22]","BBVA Banco Continental","AFP HORIZONTE S.A.",HO03,"Acciones Comunes",2012,1,Enero,84353.53662,0.023800101
"CALDERON FUENTES EDWIN HUMBERTO","OFICIAL CUMPLIMIENTO NORMATIVO","GERENTE DE CONTROL INTERNO E I","[2011-10-27 / 2013-05-22]","BBVA Banco Continental","AFP HORIZONTE S.A.",HO03,"Acciones Comunes",2012,2,Febrero,90135.85235,0.024818833
"CALDERON FUENTES EDWIN HUMBERTO","OFICIAL CUMPLIMIENTO NORMATIVO","GERENTE DE CONTROL INTERNO E I","[2011-10-27 / 2013-05-22]","BBVA Banco Continental","AFP HORIZONTE S.A.",HO03,"Acciones Comunes",2012,3,Marzo,94860.33731,0.025664371
"CALDERON FUENTES EDWIN HUMBERTO","OFICIAL CUMPLIMIENTO NORMATIVO","GERENTE DE CONTROL INTERNO E I","[2011-10-27 / 2013-05-22]","BBVA Banco Continental","AFP HORIZONTE S.A.",HO03,"Acciones Comunes",2012,4,Abril,93845.93776,0.025190165
"CALDERON FUENTES EDWIN HUMBERTO","OFICIAL CUMPLIMIENTO NORMATIVO","GERENTE DE CONTROL INTERNO E I","[2011-10-27 / 2013-05-22]","BBVA Banco Continental","AFP HORIZONTE S.A.",HO03,"Acciones Comunes",2012,5,Mayo,84088.82249,0.023740299
"CALDERON FUENTES EDWIN HUMBERTO","OFICIAL CUMPLIMIENTO NORMATIVO","GERENTE DE CONTROL INTERNO E I","[2011-10-27 / 2013-05-22]","BBVA Banco Continental","AFP HORIZONTE S.A.",HO03,"Acciones Comunes",2012,6,Junio,84152.56204,0.023299975
"CALDERON FUENTES EDWIN HUMBERTO","OFICIAL CUMPLIMIENTO NORMATIVO","GERENTE DE CONTROL INTERNO E I","[2011-10-27 / 2013-05-22]","BBVA Banco Continental","AFP HORIZONTE S.A.",HO03,"Acciones Comunes",2012,7,Julio,86260.08576,0.024046202
"CALDERON FUENTES EDWIN HUMBERTO","OFICIAL CUMPLIMIENTO NORMATIVO","GERENTE DE CONTROL INTERNO E I","[2011-10-27 / 2013-05-22]","BBVA Banco Continental","AFP HORIZONTE S.A.",HO03,"Acciones Comunes",2012,8,Agosto,88563.942,0.02437551
"CALDERON FUENTES EDWIN HUMBERTO","OFICIAL CUMPLIMIENTO NORMATIVO","GERENTE DE CONTROL INTERNO E I","[2011-10-27 / 2013-05-22]","BBVA Banco Continental","AFP HORIZONTE S.A.",HO03,"Acciones Comunes",2012,9,Setiembre,93665.10185,0.024616951
"CALDERON FUENTES EDWIN HUMBERTO","OFICIAL CUMPLIMIENTO NORMATIVO","GERENTE DE CONTROL INTERNO E I","[2011-10-27 / 2013-05-22]","BBVA Banco Continental","AFP HORIZONTE S.A.",HO03,"Acciones Comunes",2012,10,Octubre,90443.16226,0.023925708
"CALDERON FUENTES EDWIN HUMBERTO","OFICIAL CUMPLIMIENTO NORMATIVO","GERENTE DE CONTROL INTERNO E I","[2011-10-27 / 2013-05-22]","BBVA Banco Continental","AFP HORIZONTE S.A.",HO03,"Acciones Comunes",2012,11,Noviembre,95963.0894,0.025157708
"CALDERON FUENTES EDWIN HUMBERTO","OFICIAL CUMPLIMIENTO NORMATIVO","GERENTE DE CONTROL INTERNO E I","[2011-10-27 / 2013-05-22]","BBVA Banco Continental","AFP HORIZONTE S.A.",HO03,"Acciones Comunes",2012,12,Diciembre,104249.9316,0.026334601
"CALDERON FUENTES EDWIN HUMBERTO","OFICIAL CUMPLIMIENTO NORMATIVO","GERENTE DE CONTROL INTERNO E I","[2011-10-27 / 2013-05-22]","BBVA Banco Continental","AFP HORIZONTE S.A.",HO03,"Acciones Comunes",2013,1,Enero,108424.5918,0.026396473
"CALDERON FUENTES EDWIN HUMBERTO","OFICIAL CUMPLIMIENTO NORMATIVO","GERENTE DE CONTROL INTERNO E I","[2011-10-27 / 2013-05-22]","BBVA Banco Continental","AFP HORIZONTE S.A.",HO03,"Acciones Comunes",2013,2,Febrero,108270.1236,0.026425692
"CALDERON FUENTES EDWIN HUMBERTO","OFICIAL CUMPLIMIENTO NORMATIVO","GERENTE DE CONTROL INTERNO E I","[2011-10-27 / 2013-05-22]","BBVA Banco Continental","AFP HORIZONTE S.A.",HO03,"Acciones Comunes",2013,3,Marzo,108928.0677,0.026327748
"CALDERON FUENTES EDWIN HUMBERTO","OFICIAL CUMPLIMIENTO NORMATIVO","GERENTE DE CONTROL INTERNO E I","[2011-10-27 / 2013-05-22]","BBVA Banco Continental","AFP HORIZONTE S.A.",HO03,"Acciones Comunes",2013,4,Abril,103086.5087,0.024647546
"CALDERON FUENTES EDWIN HUMBERTO","OFICIAL CUMPLIMIENTO NORMATIVO","GERENTE DE CONTROL INTERNO E I","[2011-10-27 / 2013-05-22]","BBVA Banco Continental","AFP HORIZONTE S.A.",HO03,"Acciones Comunes",2013,5,Mayo,96744.18319,0.023374118
"CALDERON FUENTES EDWIN HUMBERTO","OFICIAL CUMPLIMIENTO NORMATIVO","GERENTE DE CONTROL INTERNO E I","[2011-10-27 / 2013-05-22]","BBVA Banco Continental","AFP HORIZONTE S.A.",HO03,"Bonos de Arrendamiento Financiero",2011,10,Octubre,0,0
"CALDERON FUENTES EDWIN HUMBERTO","OFICIAL CUMPLIMIENTO NORMATIVO","GERENTE DE CONTROL INTERNO E I","[2011-10-27 / 2013-05-22]","BBVA Banco Continental","AFP HORIZONTE S.A.",HO03,"Bonos de Arrendamiento Financiero",2011,11,Noviembre,0,0
"CALDERON FUENTES EDWIN HUMBERTO","OFICIAL CUMPLIMIENTO NORMATIVO","GERENTE DE CONTROL INTERNO E I","[2011-10-27 / 2013-05-22]","BBVA Banco Continental","AFP HORIZONTE S.A.",HO03,"Bonos de Arrendamiento Financiero",2011,12,Diciembre,0,0
"CALDERON FUENTES EDWIN HUMBERTO","OFICIAL CUMPLIMIENTO NORMATIVO","GERENTE DE CONTROL INTERNO E I","[2011-10-27 / 2013-05-22]","BBVA Banco Continental","AFP HORIZONTE S.A.",HO03,"Bonos de Arrendamiento Financiero",2012,1,Enero,0,0
"CALDERON FUENTES EDWIN HUMBERTO","OFICIAL CUMPLIMIENTO NORMATIVO","GERENTE DE CONTROL INTERNO E I","[2011-10-27 / 2013-05-22]","BBVA Banco Continental","AFP HORIZONTE S.A.",HO03,"Bonos de Arrendamiento Financiero",2012,2,Febrero,0,0
"CALDERON FUENTES EDWIN HUMBERTO","OFICIAL CUMPLIMIENTO NORMATIVO","GERENTE DE CONTROL INTERNO E I","[2011-10-27 / 2013-05-22]","BBVA Banco Continental","AFP HORIZONTE S.A.",HO03,"Bonos de Arrendamiento Financiero",2012,3,Marzo,0,0
"CALDERON FUENTES EDWIN HUMBERTO","OFICIAL CUMPLIMIENTO NORMATIVO","GERENTE DE CONTROL INTERNO E I","[2011-10-27 / 2013-05-22]","BBVA Banco Continental","AFP HORIZONTE S.A.",HO03,"Bonos de Arrendamiento Financiero",2012,4,Abril,0,0
"CALDERON FUENTES EDWIN HUMBERTO","OFICIAL CUMPLIMIENTO NORMATIVO","GERENTE DE CONTROL INTERNO E I","[2011-10-27 / 2013-05-22]","BBVA Banco Continental","AFP HORIZONTE S.A.",HO03,"Bonos de Arrendamiento Financiero",2012,5,Mayo,0,0
"CALDERON FUENTES EDWIN HUMBERTO","OFICIAL CUMPLIMIENTO NORMATIVO","GERENTE DE CONTROL INTERNO E I","[2011-10-27 / 2013-05-22]","BBVA Banco Continental","AFP HORIZONTE S.A.",HO03,"Bonos de Arrendamiento Financiero",2012,6,Junio,0,0
"CALDERON FUENTES EDWIN HUMBERTO","OFICIAL CUMPLIMIENTO NORMATIVO","GERENTE DE CONTROL INTERNO E I","[2011-10-27 / 2013-05-22]","BBVA Banco Continental","AFP HORIZONTE S.A.",HO03,"Bonos de Arrendamiento Financiero",2012,7,Julio,0,0
"CALDERON FUENTES EDWIN HUMBERTO","OFICIAL CUMPLIMIENTO NORMATIVO","GERENTE DE CONTROL INTERNO E I","[2011-10-27 / 2013-05-22]","BBVA Banco Continental","AFP HORIZONTE S.A.",HO03,"Bonos de Arrendamiento Financiero",2012,8,Agosto,0,0
"CALDERON FUENTES EDWIN HUMBERTO","OFICIAL CUMPLIMIENTO NORMATIVO","GERENTE DE CONTROL INTERNO E I","[2011-10-27 / 2013-05-22]","BBVA Banco Continental","AFP HORIZONTE S.A.",HO03,"Bonos de Arrendamiento Financiero",2012,9,Setiembre,0,0
"CALDERON FUENTES EDWIN HUMBERTO","OFICIAL CUMPLIMIENTO NORMATIVO","GERENTE DE CONTROL INTERNO E I","[2011-10-27 / 2013-05-22]","BBVA Banco Continental","AFP HORIZONTE S.A.",HO03,"Bonos de Arrendamiento Financiero",2012,10,Octubre,0,0
"CALDERON FUENTES EDWIN HUMBERTO","OFICIAL CUMPLIMIENTO NORMATIVO","GERENTE DE CONTROL INTERNO E I","[2011-10-27 / 2013-05-22]","BBVA Banco Continental","AFP HORIZONTE S.A.",HO03,"Bonos de Arrendamiento Financiero",2012,11,Noviembre,0,0
"CALDERON FUENTES EDWIN HUMBERTO","OFICIAL CUMPLIMIENTO NORMATIVO","GERENTE DE CONTROL INTERNO E I","[2011-10-27 / 2013-05-22]","BBVA Banco Continental","AFP HORIZONTE S.A.",HO03,"Bonos de Arrendamiento Financiero",2012,12,Diciembre,0,0
"CALDERON FUENTES EDWIN HUMBERTO","OFICIAL CUMPLIMIENTO NORMATIVO","GERENTE DE CONTROL INTERNO E I","[2011-10-27 / 2013-05-22]","BBVA Banco Continental","AFP HORIZONTE S.A.",HO03,"Bonos de Arrendamiento Financiero",2013,1,Enero,0,0
"CALDERON FUENTES EDWIN HUMBERTO","OFICIAL CUMPLIMIENTO NORMATIVO","GERENTE DE CONTROL INTERNO E I","[2011-10-27 / 2013-05-22]","BBVA Banco Continental","AFP HORIZONTE S.A.",HO03,"Bonos de Arrendamiento Financiero",2013,2,Febrero,0,0
"CALDERON FUENTES EDWIN HUMBERTO","OFICIAL CUMPLIMIENTO NORMATIVO","GERENTE DE CONTROL INTERNO E I","[2011-10-27 / 2013-05-22]","BBVA Banco Continental","AFP HORIZONTE S.A.",HO03,"Bonos de Arrendamiento Financiero",2013,3,Marzo,0,0
"CALDERON FUENTES EDWIN HUMBERTO","OFICIAL CUMPLIMIENTO NORMATIVO","GERENTE DE CONTROL INTERNO E I","[2011-10-27 / 2013-05-22]","BBVA Banco Continental","AFP HORIZONTE S.A.",HO03,"Bonos de Arrendamiento Financiero",2013,4,Abril,0,0
"CALDERON FUENTES EDWIN HUMBERTO","OFICIAL CUMPLIMIENTO NORMATIVO","GERENTE DE CONTROL INTERNO E I","[2011-10-27 / 2013-05-22]","BBVA Banco Continental","AFP HORIZONTE S.A.",HO03,"Bonos de Arrendamiento Financiero",2013,5,Mayo,0,0
"CALDERON FUENTES EDWIN HUMBERTO","OFICIAL CUMPLIMIENTO NORMATIVO","GERENTE DE CONTROL INTERNO E I","[2011-10-27 / 2013-05-22]","BBVA Banco Continental","AFP HORIZONTE S.A.",HO03,"Bonos Subordinados",2011,10,Octubre,1484.287671,0.000453478
"CALDERON FUENTES EDWIN HUMBERTO","OFICIAL CUMPLIMIENTO NORMATIVO","GERENTE DE CONTROL INTERNO E I","[2011-10-27 / 2013-05-22]","BBVA Banco Continental","AFP HORIZONTE S.A.",HO03,"Bonos Subordinados",2011,11,Noviembre,1483.350843,0.000452165
"CALDERON FUENTES EDWIN HUMBERTO","OFICIAL CUMPLIMIENTO NORMATIVO","GERENTE DE CONTROL INTERNO E I","[2011-10-27 / 2013-05-22]","BBVA Banco Continental","AFP HORIZONTE S.A.",HO03,"Bonos Subordinados",2011,12,Diciembre,1495.32872,0.000462266
"CALDERON FUENTES EDWIN HUMBERTO","OFICIAL CUMPLIMIENTO NORMATIVO","GERENTE DE CONTROL INTERNO E I","[2011-10-27 / 2013-05-22]","BBVA Banco Continental","AFP HORIZONTE S.A.",HO03,"Bonos Subordinados",2012,1,Enero,1488.655192,0.00042002
"CALDERON FUENTES EDWIN HUMBERTO","OFICIAL CUMPLIMIENTO NORMATIVO","GERENTE DE CONTROL INTERNO E I","[2011-10-27 / 2013-05-22]","BBVA Banco Continental","AFP HORIZONTE S.A.",HO03,"Bonos Subordinados",2012,2,Febrero,1504.162572,0.00041417
"CALDERON FUENTES EDWIN HUMBERTO","OFICIAL CUMPLIMIENTO NORMATIVO","GERENTE DE CONTROL INTERNO E I","[2011-10-27 / 2013-05-22]","BBVA Banco Continental","AFP HORIZONTE S.A.",HO03,"Bonos Subordinados",2012,3,Marzo,1518.027461,0.000410701
"CALDERON FUENTES EDWIN HUMBERTO","OFICIAL CUMPLIMIENTO NORMATIVO","GERENTE DE CONTROL INTERNO E I","[2011-10-27 / 2013-05-22]","BBVA Banco Continental","AFP HORIZONTE S.A.",HO03,"Bonos Subordinados",2012,4,Abril,1504.049958,0.000403718
"CALDERON FUENTES EDWIN HUMBERTO","OFICIAL CUMPLIMIENTO NORMATIVO","GERENTE DE CONTROL INTERNO E I","[2011-10-27 / 2013-05-22]","BBVA Banco Continental","AFP HORIZONTE S.A.",HO03,"Bonos Subordinados",2012,5,Mayo,1530.508575,0.000432099
"CALDERON FUENTES EDWIN HUMBERTO","OFICIAL CUMPLIMIENTO NORMATIVO","GERENTE DE CONTROL INTERNO E I","[2011-10-27 / 2013-05-22]","BBVA Banco Continental","AFP HORIZONTE S.A.",HO03,"Bonos Subordinados",2012,6,Junio,1533.515607,0.000424596
"CALDERON FUENTES EDWIN HUMBERTO","OFICIAL CUMPLIMIENTO NORMATIVO","GERENTE DE CONTROL INTERNO E I","[2011-10-27 / 2013-05-22]","BBVA Banco Continental","AFP HORIZONTE S.A.",HO03,"Bonos Subordinados",2012,7,Julio,1525.680245,0.000425305
"CALDERON FUENTES EDWIN HUMBERTO","OFICIAL CUMPLIMIENTO NORMATIVO","GERENTE DE CONTROL INTERNO E I","[2011-10-27 / 2013-05-22]","BBVA Banco Continental","AFP HORIZONTE S.A.",HO03,"Bonos Subordinados",2012,8,Agosto,1527.605932,0.000420444
"CALDERON FUENTES EDWIN HUMBERTO","OFICIAL CUMPLIMIENTO NORMATIVO","GERENTE DE CONTROL INTERNO E I","[2011-10-27 / 2013-05-22]","BBVA Banco Continental","AFP HORIZONTE S.A.",HO03,"Bonos Subordinados",2012,9,Setiembre,1505.44037,0.000395658
"CALDERON FUENTES EDWIN HUMBERTO","OFICIAL CUMPLIMIENTO NORMATIVO","GERENTE DE CONTROL INTERNO E I","[2011-10-27 / 2013-05-22]","BBVA Banco Continental","AFP HORIZONTE S.A.",HO03,"Bonos Subordinados",2012,10,Octubre,1517.913628,0.000401547
"CALDERON FUENTES EDWIN HUMBERTO","OFICIAL CUMPLIMIENTO NORMATIVO","GERENTE DE CONTROL INTERNO E I","[2011-10-27 / 2013-05-22]","BBVA Banco Continental","AFP HORIZONTE S.A.",HO03,"Bonos Subordinados",2012,11,Noviembre,1508.477406,0.000395463
"CALDERON FUENTES EDWIN HUMBERTO","OFICIAL CUMPLIMIENTO NORMATIVO","GERENTE DE CONTROL INTERNO E I","[2011-10-27 / 2013-05-22]","BBVA Banco Continental","AFP HORIZONTE S.A.",HO03,"Bonos Subordinados",2012,12,Diciembre,1498.069804,0.000378428
"CALDERON FUENTES EDWIN HUMBERTO","OFICIAL CUMPLIMIENTO NORMATIVO","GERENTE DE CONTROL INTERNO E I","[2011-10-27 / 2013-05-22]","BBVA Banco Continental","AFP HORIZONTE S.A.",HO03,"Bonos Subordinados",2013,1,Enero,1506.145847,0.000366678
"CALDERON FUENTES EDWIN HUMBERTO","OFICIAL CUMPLIMIENTO NORMATIVO","GERENTE DE CONTROL INTERNO E I","[2011-10-27 / 2013-05-22]","BBVA Banco Continental","AFP HORIZONTE S.A.",HO03,"Bonos Subordinados",2013,2,Febrero,1517.51835,0.000370384
"CALDERON FUENTES EDWIN HUMBERTO","OFICIAL CUMPLIMIENTO NORMATIVO","GERENTE DE CONTROL INTERNO E I","[2011-10-27 / 2013-05-22]","BBVA Banco Continental","AFP HORIZONTE S.A.",HO03,"Bonos Subordinados",2013,3,Marzo,1501.845227,0.000362994
"CALDERON FUENTES EDWIN HUMBERTO","OFICIAL CUMPLIMIENTO NORMATIVO","GERENTE DE CONTROL INTERNO E I","[2011-10-27 / 2013-05-22]","BBVA Banco Continental","AFP HORIZONTE S.A.",HO03,"Bonos Subordinados",2013,4,Abril,1545.224766,0.000369457
"CALDERON FUENTES EDWIN HUMBERTO","OFICIAL CUMPLIMIENTO NORMATIVO","GERENTE DE CONTROL INTERNO E I","[2011-10-27 / 2013-05-22]","BBVA Banco Continental","AFP HORIZONTE S.A.",HO03,"Bonos Subordinados",2013,5,Mayo,1583.139936,0.000382498
"CALDERON FUENTES EDWIN HUMBERTO","OFICIAL CUMPLIMIENTO NORMATIVO","GERENTE DE CONTROL INTERNO E I","[2011-10-27 / 2013-05-22]","BBVA Banco Continental","AFP HORIZONTE S.A.",HO03,"Cuentas Corrientes",2011,10,Octubre,41836.74979,0.012781913
"CALDERON FUENTES EDWIN HUMBERTO","OFICIAL CUMPLIMIENTO NORMATIVO","GERENTE DE CONTROL INTERNO E I","[2011-10-27 / 2013-05-22]","BBVA Banco Continental","AFP HORIZONTE S.A.",HO03,"Cuentas Corrientes",2011,11,Noviembre,9488.73399,0.002892422
"CALDERON FUENTES EDWIN HUMBERTO","OFICIAL CUMPLIMIENTO NORMATIVO","GERENTE DE CONTROL INTERNO E I","[2011-10-27 / 2013-05-22]","BBVA Banco Continental","AFP HORIZONTE S.A.",HO03,"Cuentas Corrientes",2011,12,Diciembre,42595.96996,0.013168109
"CALDERON FUENTES EDWIN HUMBERTO","OFICIAL CUMPLIMIENTO NORMATIVO","GERENTE DE CONTROL INTERNO E I","[2011-10-27 / 2013-05-22]","BBVA Banco Continental","AFP HORIZONTE S.A.",HO03,"Cuentas Corrientes",2012,1,Enero,30063.49678,0.008482327
"CALDERON FUENTES EDWIN HUMBERTO","OFICIAL CUMPLIMIENTO NORMATIVO","GERENTE DE CONTROL INTERNO E I","[2011-10-27 / 2013-05-22]","BBVA Banco Continental","AFP HORIZONTE S.A.",HO03,"Cuentas Corrientes",2012,2,Febrero,21035.47316,0.0057921
"CALDERON FUENTES EDWIN HUMBERTO","OFICIAL CUMPLIMIENTO NORMATIVO","GERENTE DE CONTROL INTERNO E I","[2011-10-27 / 2013-05-22]","BBVA Banco Continental","AFP HORIZONTE S.A.",HO03,"Cuentas Corrientes",2012,3,Marzo,15404.01852,0.004167542
"CALDERON FUENTES EDWIN HUMBERTO","OFICIAL CUMPLIMIENTO NORMATIVO","GERENTE DE CONTROL INTERNO E I","[2011-10-27 / 2013-05-22]","BBVA Banco Continental","AFP HORIZONTE S.A.",HO03,"Cuentas Corrientes",2012,4,Abril,8351.341622,0.002241671
"CALDERON FUENTES EDWIN HUMBERTO","OFICIAL CUMPLIMIENTO NORMATIVO","GERENTE DE CONTROL INTERNO E I","[2011-10-27 / 2013-05-22]","BBVA Banco Continental","AFP HORIZONTE S.A.",HO03,"Cuentas Corrientes",2012,5,Mayo,8150.83747,0.002301178
"CALDERON FUENTES EDWIN HUMBERTO","OFICIAL CUMPLIMIENTO NORMATIVO","GERENTE DE CONTROL INTERNO E I","[2011-10-27 / 2013-05-22]","BBVA Banco Continental","AFP HORIZONTE S.A.",HO03,"Cuentas Corrientes",2012,6,Junio,10921.31184,0.003023869
"CALDERON FUENTES EDWIN HUMBERTO","OFICIAL CUMPLIMIENTO NORMATIVO","GERENTE DE CONTROL INTERNO E I","[2011-10-27 / 2013-05-22]","BBVA Banco Continental","AFP HORIZONTE S.A.",HO03,"Cuentas Corrientes",2012,7,Julio,10854.89361,0.003025953
"CALDERON FUENTES EDWIN HUMBERTO","OFICIAL CUMPLIMIENTO NORMATIVO","GERENTE DE CONTROL INTERNO E I","[2011-10-27 / 2013-05-22]","BBVA Banco Continental","AFP HORIZONTE S.A.",HO03,"Cuentas Corrientes",2012,8,Agosto,12422.60142,0.003419081
"CALDERON FUENTES EDWIN HUMBERTO","OFICIAL CUMPLIMIENTO NORMATIVO","GERENTE DE CONTROL INTERNO E I","[2011-10-27 / 2013-05-22]","BBVA Banco Continental","AFP HORIZONTE S.A.",HO03,"Cuentas Corrientes",2012,9,Setiembre,10001.22028,0.002628509
"CALDERON FUENTES EDWIN HUMBERTO","OFICIAL CUMPLIMIENTO NORMATIVO","GERENTE DE CONTROL INTERNO E I","[2011-10-27 / 2013-05-22]","BBVA Banco Continental","AFP HORIZONTE S.A.",HO03,"Cuentas Corrientes",2012,10,Octubre,10791.25245,0.002854703
"CALDERON FUENTES EDWIN HUMBERTO","OFICIAL CUMPLIMIENTO NORMATIVO","GERENTE DE CONTROL INTERNO E I","[2011-10-27 / 2013-05-22]","BBVA Banco Continental","AFP HORIZONTE S.A.",HO03,"Cuentas Corrientes",2012,11,Noviembre,6978.995364,0.001829615
"CALDERON FUENTES EDWIN HUMBERTO","OFICIAL CUMPLIMIENTO NORMATIVO","GERENTE DE CONTROL INTERNO E I","[2011-10-27 / 2013-05-22]","BBVA Banco Continental","AFP HORIZONTE S.A.",HO03,"Cuentas Corrientes",2012,12,Diciembre,8505.277488,0.00214852
"CALDERON FUENTES EDWIN HUMBERTO","OFICIAL CUMPLIMIENTO NORMATIVO","GERENTE DE CONTROL INTERNO E I","[2011-10-27 / 2013-05-22]","BBVA Banco Continental","AFP HORIZONTE S.A.",HO03,"Cuentas Corrientes",2013,1,Enero,3415.050178,0.00083141
"CALDERON FUENTES EDWIN HUMBERTO","OFICIAL CUMPLIMIENTO NORMATIVO","GERENTE DE CONTROL INTERNO E I","[2011-10-27 / 2013-05-22]","BBVA Banco Continental","AFP HORIZONTE S.A.",HO03,"Cuentas Corrientes",2013,2,Febrero,6882.87829,0.001679917
"CALDERON FUENTES EDWIN HUMBERTO","OFICIAL CUMPLIMIENTO NORMATIVO","GERENTE DE CONTROL INTERNO E I","[2011-10-27 / 2013-05-22]","BBVA Banco Continental","AFP HORIZONTE S.A.",HO03,"Cuentas Corrientes",2013,3,Marzo,695.7660665,0.000168166
"CALDERON FUENTES EDWIN HUMBERTO","OFICIAL CUMPLIMIENTO NORMATIVO","GERENTE DE CONTROL INTERNO E I","[2011-10-27 / 2013-05-22]","BBVA Banco Continental","AFP HORIZONTE S.A.",HO03,"Cuentas Corrientes",2013,4,Abril,1095.419747,0.00026191
"CALDERON FUENTES EDWIN HUMBERTO","OFICIAL CUMPLIMIENTO NORMATIVO","GERENTE DE CONTROL INTERNO E I","[2011-10-27 / 2013-05-22]","BBVA Banco Continental","AFP HORIZONTE S.A.",HO03,"Cuentas Corrientes",2013,5,Mayo,1484.413652,0.000358645
"CALDERON FUENTES EDWIN HUMBERTO","OFICIAL CUMPLIMIENTO NORMATIVO","GERENTE DE CONTROL INTERNO E I","[2011-10-27 / 2013-05-22]","BBVA Banco Continental","AFP HORIZONTE S.A.",HO03,"Depósitos a Plazo",2011,10,Octubre,30017.22222,0.009170825
"CALDERON FUENTES EDWIN HUMBERTO","OFICIAL CUMPLIMIENTO NORMATIVO","GERENTE DE CONTROL INTERNO E I","[2011-10-27 / 2013-05-22]","BBVA Banco Continental","AFP HORIZONTE S.A.",HO03,"Depósitos a Plazo",2011,11,Noviembre,20000,0.006096539
"CALDERON FUENTES EDWIN HUMBERTO","OFICIAL CUMPLIMIENTO NORMATIVO","GERENTE DE CONTROL INTERNO E I","[2011-10-27 / 2013-05-22]","BBVA Banco Continental","AFP HORIZONTE S.A.",HO03,"Depósitos a Plazo",2011,12,Diciembre,0,0
"CALDERON FUENTES EDWIN HUMBERTO","OFICIAL CUMPLIMIENTO NORMATIVO","GERENTE DE CONTROL INTERNO E I","[2011-10-27 / 2013-05-22]","BBVA Banco Continental","AFP HORIZONTE S.A.",HO03,"Depósitos a Plazo",2012,1,Enero,16000,0.004514353
"CALDERON FUENTES EDWIN HUMBERTO","OFICIAL CUMPLIMIENTO NORMATIVO","GERENTE DE CONTROL INTERNO E I","[2011-10-27 / 2013-05-22]","BBVA Banco Continental","AFP HORIZONTE S.A.",HO03,"Depósitos a Plazo",2012,2,Febrero,0,0
"CALDERON FUENTES EDWIN HUMBERTO","OFICIAL CUMPLIMIENTO NORMATIVO","GERENTE DE CONTROL INTERNO E I","[2011-10-27 / 2013-05-22]","BBVA Banco Continental","AFP HORIZONTE S.A.",HO03,"Depósitos a Plazo",2012,3,Marzo,14000,0.003787686
"CALDERON FUENTES EDWIN HUMBERTO","OFICIAL CUMPLIMIENTO NORMATIVO","GERENTE DE CONTROL INTERNO E I","[2011-10-27 / 2013-05-22]","BBVA Banco Continental","AFP HORIZONTE S.A.",HO03,"Depósitos a Plazo",2012,4,Abril,19005.30419,0.005101412
"CALDERON FUENTES EDWIN HUMBERTO","OFICIAL CUMPLIMIENTO NORMATIVO","GERENTE DE CONTROL INTERNO E I","[2011-10-27 / 2013-05-22]","BBVA Banco Continental","AFP HORIZONTE S.A.",HO03,"Depósitos a Plazo",2012,5,Mayo,31100,0.008780279
"CALDERON FUENTES EDWIN HUMBERTO","OFICIAL CUMPLIMIENTO NORMATIVO","GERENTE DE CONTROL INTERNO E I","[2011-10-27 / 2013-05-22]","BBVA Banco Continental","AFP HORIZONTE S.A.",HO03,"Depósitos a Plazo",2012,6,Junio,60341.04382,0.016707095
"CALDERON FUENTES EDWIN HUMBERTO","OFICIAL CUMPLIMIENTO NORMATIVO","GERENTE DE CONTROL INTERNO E I","[2011-10-27 / 2013-05-22]","BBVA Banco Continental","AFP HORIZONTE S.A.",HO03,"Depósitos a Plazo",2012,7,Julio,32000,0.008920446
"CALDERON FUENTES EDWIN HUMBERTO","OFICIAL CUMPLIMIENTO NORMATIVO","GERENTE DE CONTROL INTERNO E I","[2011-10-27 / 2013-05-22]","BBVA Banco Continental","AFP HORIZONTE S.A.",HO03,"Depósitos a Plazo",2012,8,Agosto,9827.556306,0.002704845
"CALDERON FUENTES EDWIN HUMBERTO","OFICIAL CUMPLIMIENTO NORMATIVO","GERENTE DE CONTROL INTERNO E I","[2011-10-27 / 2013-05-22]","BBVA Banco Continental","AFP HORIZONTE S.A.",HO03,"Depósitos a Plazo",2012,9,Setiembre,7785,0.002046044
"CALDERON FUENTES EDWIN HUMBERTO","OFICIAL CUMPLIMIENTO NORMATIVO","GERENTE DE CONTROL INTERNO E I","[2011-10-27 / 2013-05-22]","BBVA Banco Continental","AFP HORIZONTE S.A.",HO03,"Depósitos a Plazo",2012,10,Octubre,34746.88287,0.009191892
"CALDERON FUENTES EDWIN HUMBERTO","OFICIAL CUMPLIMIENTO NORMATIVO","GERENTE DE CONTROL INTERNO E I","[2011-10-27 / 2013-05-22]","BBVA Banco Continental","AFP HORIZONTE S.A.",HO03,"Depósitos a Plazo",2012,11,Noviembre,0,0
"CALDERON FUENTES EDWIN HUMBERTO","OFICIAL CUMPLIMIENTO NORMATIVO","GERENTE DE CONTROL INTERNO E I","[2011-10-27 / 2013-05-22]","BBVA Banco Continental","AFP HORIZONTE S.A.",HO03,"Depósitos a Plazo",2012,12,Diciembre,6001.600002,0.001516066
"CALDERON FUENTES EDWIN HUMBERTO","OFICIAL CUMPLIMIENTO NORMATIVO","GERENTE DE CONTROL INTERNO E I","[2011-10-27 / 2013-05-22]","BBVA Banco Continental","AFP HORIZONTE S.A.",HO03,"Depósitos a Plazo",2013,1,Enero,0,0
"CALDERON FUENTES EDWIN HUMBERTO","OFICIAL CUMPLIMIENTO NORMATIVO","GERENTE DE CONTROL INTERNO E I","[2011-10-27 / 2013-05-22]","BBVA Banco Continental","AFP HORIZONTE S.A.",HO03,"Depósitos a Plazo",2013,2,Febrero,7764,0.001894974
"CALDERON FUENTES EDWIN HUMBERTO","OFICIAL CUMPLIMIENTO NORMATIVO","GERENTE DE CONTROL INTERNO E I","[2011-10-27 / 2013-05-22]","BBVA Banco Continental","AFP HORIZONTE S.A.",HO03,"Depósitos a Plazo",2013,3,Marzo,0,0
"CALDERON FUENTES EDWIN HUMBERTO","OFICIAL CUMPLIMIENTO NORMATIVO","GERENTE DE CONTROL INTERNO E I","[2011-10-27 / 2013-05-22]","BBVA Banco Continental","AFP HORIZONTE S.A.",HO03,"Depósitos a Plazo",2013,4,Abril,39000,0.009324734
"CALDERON FUENTES EDWIN HUMBERTO","OFICIAL CUMPLIMIENTO NORMATIVO","GERENTE DE CONTROL INTERNO E I","[2011-10-27 / 2013-05-22]","BBVA Banco Continental","AFP HORIZONTE S.A.",HO03,"Depósitos a Plazo",2013,5,Mayo,12000,0.00289929
"CALDERON FUENTES EDWIN HUMBERTO","OFICIAL CUMPLIMIENTO NORMATIVO","GERENTE DE CONTROL INTERNO E I","[2011-10-27 / 2013-05-22]","BBVA Banco Continental","AFP HORIZONTE S.A.",HO03,"Otros Bonos Sector Financiero",2011,10,Octubre,0,0
"CALDERON FUENTES EDWIN HUMBERTO","OFICIAL CUMPLIMIENTO NORMATIVO","GERENTE DE CONTROL INTERNO E I","[2011-10-27 / 2013-05-22]","BBVA Banco Continental","AFP HORIZONTE S.A.",HO03,"Otros Bonos Sector Financiero",2011,11,Noviembre,0,0
"CALDERON FUENTES EDWIN HUMBERTO","OFICIAL CUMPLIMIENTO NORMATIVO","GERENTE DE CONTROL INTERNO E I","[2011-10-27 / 2013-05-22]","BBVA Banco Continental","AFP HORIZONTE S.A.",HO03,"Otros Bonos Sector Financiero",2011,12,Diciembre,0,0
"CALDERON FUENTES EDWIN HUMBERTO","OFICIAL CUMPLIMIENTO NORMATIVO","GERENTE DE CONTROL INTERNO E I","[2011-10-27 / 2013-05-22]","BBVA Banco Continental","AFP HORIZONTE S.A.",HO03,"Otros Bonos Sector Financiero",2012,1,Enero,0,0
"CALDERON FUENTES EDWIN HUMBERTO","OFICIAL CUMPLIMIENTO NORMATIVO","GERENTE DE CONTROL INTERNO E I","[2011-10-27 / 2013-05-22]","BBVA Banco Continental","AFP HORIZONTE S.A.",HO03,"Otros Bonos Sector Financiero",2012,2,Febrero,0,0
"CALDERON FUENTES EDWIN HUMBERTO","OFICIAL CUMPLIMIENTO NORMATIVO","GERENTE DE CONTROL INTERNO E I","[2011-10-27 / 2013-05-22]","BBVA Banco Continental","AFP HORIZONTE S.A.",HO03,"Otros Bonos Sector Financiero",2012,3,Marzo,0,0
"CALDERON FUENTES EDWIN HUMBERTO","OFICIAL CUMPLIMIENTO NORMATIVO","GERENTE DE CONTROL INTERNO E I","[2011-10-27 / 2013-05-22]","BBVA Banco Continental","AFP HORIZONTE S.A.",HO03,"Otros Bonos Sector Financiero",2012,4,Abril,0,0
"CALDERON FUENTES EDWIN HUMBERTO","OFICIAL CUMPLIMIENTO NORMATIVO","GERENTE DE CONTROL INTERNO E I","[2011-10-27 / 2013-05-22]","BBVA Banco Continental","AFP HORIZONTE S.A.",HO03,"Otros Bonos Sector Financiero",2012,5,Mayo,0,0
"CALDERON FUENTES EDWIN HUMBERTO","OFICIAL CUMPLIMIENTO NORMATIVO","GERENTE DE CONTROL INTERNO E I","[2011-10-27 / 2013-05-22]","BBVA Banco Continental","AFP HORIZONTE S.A.",HO03,"Otros Bonos Sector Financiero",2012,6,Junio,0,0
"CALDERON FUENTES EDWIN HUMBERTO","OFICIAL CUMPLIMIENTO NORMATIVO","GERENTE DE CONTROL INTERNO E I","[2011-10-27 / 2013-05-22]","BBVA Banco Continental","AFP HORIZONTE S.A.",HO03,"Otros Bonos Sector Financiero",2012,7,Julio,0,0
"CALDERON FUENTES EDWIN HUMBERTO","OFICIAL CUMPLIMIENTO NORMATIVO","GERENTE DE CONTROL INTERNO E I","[2011-10-27 / 2013-05-22]","BBVA Banco Continental","AFP HORIZONTE S.A.",HO03,"Otros Bonos Sector Financiero",2012,8,Agosto,0,0
"CALDERON FUENTES EDWIN HUMBERTO","OFICIAL CUMPLIMIENTO NORMATIVO","GERENTE DE CONTROL INTERNO E I","[2011-10-27 / 2013-05-22]","BBVA Banco Continental","AFP HORIZONTE S.A.",HO03,"Otros Bonos Sector Financiero",2012,9,Setiembre,0,0
"CALDERON FUENTES EDWIN HUMBERTO","OFICIAL CUMPLIMIENTO NORMATIVO","GERENTE DE CONTROL INTERNO E I","[2011-10-27 / 2013-05-22]","BBVA Banco Continental","AFP HORIZONTE S.A.",HO03,"Otros Bonos Sector Financiero",2012,10,Octubre,0,0
"CALDERON FUENTES EDWIN HUMBERTO","OFICIAL CUMPLIMIENTO NORMATIVO","GERENTE DE CONTROL INTERNO E I","[2011-10-27 / 2013-05-22]","BBVA Banco Continental","AFP HORIZONTE S.A.",HO03,"Otros Bonos Sector Financiero",2012,11,Noviembre,0,0
"CALDERON FUENTES EDWIN HUMBERTO","OFICIAL CUMPLIMIENTO NORMATIVO","GERENTE DE CONTROL INTERNO E I","[2011-10-27 / 2013-05-22]","BBVA Banco Continental","AFP HORIZONTE S.A.",HO03,"Otros Bonos Sector Financiero",2012,12,Diciembre,0,0
"CALDERON FUENTES EDWIN HUMBERTO","OFICIAL CUMPLIMIENTO NORMATIVO","GERENTE DE CONTROL INTERNO E I","[2011-10-27 / 2013-05-22]","BBVA Banco Continental","AFP HORIZONTE S.A.",HO03,"Otros Bonos Sector Financiero",2013,1,Enero,0,0
"CALDERON FUENTES EDWIN HUMBERTO","OFICIAL CUMPLIMIENTO NORMATIVO","GERENTE DE CONTROL INTERNO E I","[2011-10-27 / 2013-05-22]","BBVA Banco Continental","AFP HORIZONTE S.A.",HO03,"Otros Bonos Sector Financiero",2013,2,Febrero,0,0
"CALDERON FUENTES EDWIN HUMBERTO","OFICIAL CUMPLIMIENTO NORMATIVO","GERENTE DE CONTROL INTERNO E I","[2011-10-27 / 2013-05-22]","BBVA Banco Continental","AFP HORIZONTE S.A.",HO03,"Otros Bonos Sector Financiero",2013,3,Marzo,0,0
"CALDERON FUENTES EDWIN HUMBERTO","OFICIAL CUMPLIMIENTO NORMATIVO","GERENTE DE CONTROL INTERNO E I","[2011-10-27 / 2013-05-22]","BBVA Banco Continental","AFP HORIZONTE S.A.",HO03,"Otros Bonos Sector Financiero",2013,4,Abril,0,0
"CALDERON FUENTES EDWIN HUMBERTO","OFICIAL CUMPLIMIENTO NORMATIVO","GERENTE DE CONTROL INTERNO E I","[2011-10-27 / 2013-05-22]","BBVA Banco Continental","AFP HORIZONTE S.A.",HO03,"Otros Bonos Sector Financiero",2013,5,Mayo,0,0
