1,1975,DIRECTORIO,DIRECTOR,30/05/2013,20/02/2014
1,1975,DIRECTORIO,DIRECTOR,20/02/2014,24/02/2015
1,1975,DIRECTORIO,DIRECTOR,24/02/2015,23/02/2016
1,1975,DIRECTORIO,DIRECTOR,23/02/2016,29/03/2017
1,1975,DIRECTORIO,DIRECTOR,29/03/2017,
1,3983,DIRECTORIO,DIRECTOR,27/12/2012,30/05/2013
1,3984,DIRECTORIO,DIRECTOR,13/11/2013,20/02/2014
1,3984,DIRECTORIO,DIRECTOR,20/02/2014,24/02/2015
1,3984,DIRECTORIO,DIRECTOR,24/02/2015,23/02/2016
1,3984,DIRECTORIO,DIRECTOR,23/02/2016,29/03/2017
1,3984,DIRECTORIO,DIRECTOR,29/03/2017,
1,3985,DIRECTORIO,DIRECTOR,29/03/2017,
1,3986,DIRECTORIO,DIRECTOR,27/12/2012,30/05/2013
1,3986,DIRECTORIO,VICEPRESIDENTE DEL DIRECTORIO,30/05/2013,20/02/2014
1,3986,DIRECTORIO,VICEPRESIDENTE DEL DIRECTORIO,20/02/2014,24/02/2015
1,3986,DIRECTORIO,VICEPRESIDENTE DEL DIRECTORIO,24/02/2015,23/02/2016
1,3986,DIRECTORIO,PRESIDENTE DEL DIRECTORIO,23/02/2016,23/02/2016
1,3986,DIRECTORIO,VICEPRESIDENTE DEL DIRECTORIO,23/02/2016,29/03/2017
1,3986,DIRECTORIO,VICEPRESIDENTE DEL DIRECTORIO,29/03/2017,
1,3987,DIRECTORIO,PRESIDENTE DEL DIRECTORIO,27/12/2012,30/05/2013
1,3987,DIRECTORIO,PRESIDENTE DEL DIRECTORIO,30/05/2013,20/02/2014
1,3987,DIRECTORIO,PRESIDENTE DEL DIRECTORIO,20/02/2014,24/02/2015
1,3987,DIRECTORIO,PRESIDENTE DEL DIRECTORIO,24/02/2015,23/02/2016
1,3987,DIRECTORIO,PRESIDENTE DEL DIRECTORIO,23/02/2016,29/03/2017
1,3987,DIRECTORIO,PRESIDENTE DEL DIRECTORIO,29/03/2017,
1,3988,DIRECTORIO,VICEPRESIDENTE DEL DIRECTORIO,27/12/2012,30/05/2013
1,3989,DIRECTORIO,DIRECTOR,30/05/2013,20/02/2014
1,3989,DIRECTORIO,DIRECTOR,20/02/2014,24/02/2015
1,3989,DIRECTORIO,DIRECTOR,24/02/2015,23/02/2016
1,3989,DIRECTORIO,DIRECTOR,23/02/2016,29/03/2017
1,3989,DIRECTORIO,DIRECTOR,29/03/2017,
1,3990,DIRECTORIO,DIRECTOR,30/05/2013,20/02/2014
1,3990,DIRECTORIO,DIRECTOR,20/02/2014,24/02/2015
1,3990,DIRECTORIO,DIRECTOR,24/02/2015,23/02/2016
1,3990,DIRECTORIO,DIRECTOR,23/02/2016,29/03/2017
1,3991,DIRECTORIO,DIRECTOR,27/12/2012,30/05/2013
1,665,GERENTE GENERAL,GERENTE GENERAL,15/03/2013,
1,3992,PLANA GERENCIAL,GERENTE OPERACIONES,13/07/2015,
1,3993,PLANA GERENCIAL,GERENTE INVERSIONES,13/05/2013,20/12/2013
1,665,PLANA GERENCIAL,GERENTE DE OPERACIONES INTERIN,21/04/2015,13/07/2015
1,3994,PLANA GERENCIAL,GERENTE OPERACIONES,24/07/2013,20/04/2015
1,3994,PLANA GERENCIAL,GERENTE COMERCIAL,21/04/2015,
1,3995,PLANA GERENCIAL,AUDITOR INTERNO,02/05/2013,
1,3996,PLANA GERENCIAL,GERENTE DE RIESGOS,13/05/2013,15/08/2014
1,3997,PLANA GERENCIAL,GERENTE DE RECURSOS HUMANOS,17/05/2016,
1,3998,PLANA GERENCIAL,ASESOR LEGAL,13/05/2013,02/03/2015
1,3998,PLANA GERENCIAL,GERENTE LEGAL,02/03/2015,
1,3999,PLANA GERENCIAL,GERENTE INVERSIONES,03/03/2014,
1,4000,PLANA GERENCIAL,SUB GERENTE ADMINIS Y FINANZAS,26/03/2013,16/08/2013
1,4001,PLANA GERENCIAL,SUB GERENTE,11/08/2014,24/02/2015
1,4001,PLANA GERENCIAL,GERENTE DE RIESGOS,24/02/2015,
1,4002,PLANA GERENCIAL,GERENTE DE ADMINISTRACION,09/09/2013,09/09/2013
1,4002,PLANA GERENCIAL,GERENTE FINANCIERO,09/09/2013,
1,3998,REPRESENTANTE LEGAL,,30/04/2013,
2,3388,DIRECTORIO,DIRECTOR SUPLENTE,23/04/2013,
2,4003,DIRECTORIO,DIRECTOR SUPLENTE,23/04/2013,
2,4004,DIRECTORIO,DIRECTOR,05/02/2002,20/08/2003
2,4005,DIRECTORIO,DIRECTOR,13/09/2006,09/02/2007
2,4005,DIRECTORIO,DIRECTOR,09/02/2007,27/03/2008
2,4005,DIRECTORIO,DIRECTOR,27/03/2008,17/12/2008
2,746,DIRECTORIO,DIRECTOR,26/02/2009,31/03/2009
2,746,DIRECTORIO,DIRECTOR,31/03/2009,29/03/2010
2,746,DIRECTORIO,DIRECTOR,29/03/2010,30/03/2011
2,746,DIRECTORIO,DIRECTOR,30/03/2011,28/03/2012
2,746,DIRECTORIO,DIRECTOR,28/03/2012,26/03/2013
2,746,DIRECTORIO,DIRECTOR,26/03/2013,23/04/2013
2,4006,DIRECTORIO,DIRECTOR,27/09/2001,05/02/2002
2,4007,DIRECTORIO,DIRECTOR SUPLENTE,05/02/2004,05/04/2006
2,1644,DIRECTORIO,DIRECTOR,23/04/2013,
2,809,DIRECTORIO,DIRECTOR,17/12/2008,31/03/2009
2,809,DIRECTORIO,DIRECTOR,31/03/2009,29/03/2010
2,809,DIRECTORIO,DIRECTOR,29/03/2010,30/03/2011
2,809,DIRECTORIO,DIRECTOR,30/03/2011,28/03/2012
2,809,DIRECTORIO,DIRECTOR,28/03/2012,26/03/2013
2,809,DIRECTORIO,DIRECTOR,26/03/2013,23/04/2013
2,753,DIRECTORIO,DIRECTOR-SUPLENTE,07/02/2000,17/05/2000
2,753,DIRECTORIO,DIRECTOR,17/05/2000,05/02/2004
2,4008,DIRECTORIO,DIRECTOR,23/04/2013,
2,3984,DIRECTORIO,DIRECTOR,15/02/2005,09/02/2007
2,3984,DIRECTORIO,DIRECTOR,09/02/2007,27/03/2008
2,2116,DIRECTORIO,DIRECTOR,23/04/2013,
2,754,DIRECTORIO,DIRECTOR,27/03/2008,31/03/2009
2,754,DIRECTORIO,DIRECTOR,31/03/2009,29/03/2010
2,754,DIRECTORIO,DIRECTOR,29/03/2010,30/03/2011
2,754,DIRECTORIO,DIRECTOR,30/03/2011,28/03/2012
2,754,DIRECTORIO,DIRECTOR,28/03/2012,26/03/2013
2,754,DIRECTORIO,DIRECTOR,26/03/2013,23/04/2013
2,4009,DIRECTORIO,DIRECTOR,23/04/2013,
2,4010,DIRECTORIO,DIRECTOR SUPLENTE,29/08/2012,26/03/2013
2,4010,DIRECTORIO,DIRECTOR SUPLENTE,26/03/2013,23/04/2013
2,4011,DIRECTORIO,DIRECTOR,31/03/2006,09/02/2007
2,4011,DIRECTORIO,DIRECTOR,09/02/2007,27/03/2008
2,4011,DIRECTORIO,DIRECTOR,27/03/2008,17/12/2008
2,4012,DIRECTORIO,PRESIDENTE DEL DIRECTORIO,27/03/2008,31/03/2009
2,4012,DIRECTORIO,PRESIDENTE DEL DIRECTORIO,31/03/2009,29/03/2010
2,4012,DIRECTORIO,PRESIDENTE DEL DIRECTORIO,29/03/2010,30/03/2011
2,4012,DIRECTORIO,PRESIDENTE DEL DIRECTORIO,30/03/2011,28/03/2012
2,4012,DIRECTORIO,PRESIDENTE DEL DIRECTORIO,28/03/2012,26/03/2013
2,4012,DIRECTORIO,PRESIDENTE DEL DIRECTORIO,26/03/2013,23/04/2013
2,4013,DIRECTORIO,DIRECTOR,20/08/2003,13/09/2006
2,4013,DIRECTORIO,DIRECTOR SUPLENTE,13/09/2006,09/02/2007
2,4013,DIRECTORIO,DIRECTOR SUPLENTE,09/02/2007,28/06/2007
2,1647,DIRECTORIO,PRESIDENTE DEL DIRECTORIO,23/04/2013,
2,1003,DIRECTORIO,DIRECTOR SUPLENTE,31/01/2003,19/03/2003
2,4014,DIRECTORIO,DIRECTOR,28/06/2007,27/03/2008
2,4014,DIRECTORIO,DIRECTOR,27/03/2008,31/03/2009
2,4014,DIRECTORIO,DIRECTOR,31/03/2009,29/03/2010
2,4014,DIRECTORIO,DIRECTOR,29/03/2010,30/03/2011
2,4014,DIRECTORIO,DIRECTOR,30/03/2011,28/03/2012
2,4014,DIRECTORIO,DIRECTOR,28/03/2012,26/03/2013
2,4014,DIRECTORIO,DIRECTOR,26/03/2013,23/04/2013
2,1473,DIRECTORIO,DIRECTOR SUPLENTE,17/05/2000,17/10/2002
2,1473,DIRECTORIO,DIRECTOR,17/10/2002,05/02/2004
2,4015,DIRECTORIO,DIRECTOR,28/06/2007,27/03/2008
2,4015,DIRECTORIO,DIRECTOR SUPLENTE,27/03/2008,31/03/2009
2,4015,DIRECTORIO,DIRECTOR SUPLENTE,31/03/2009,29/03/2010
2,4015,DIRECTORIO,DIRECTOR SUPLENTE,29/03/2010,30/03/2011
2,4015,DIRECTORIO,DIRECTOR SUPLENTE,30/03/2011,28/03/2012
2,4015,DIRECTORIO,DIRECTOR SUPLENTE,28/03/2012,26/03/2013
2,4015,DIRECTORIO,DIRECTOR SUPLENTE,26/03/2013,23/04/2013
2,4016,DIRECTORIO,DIRECTOR SUPLENTE,20/08/2003,09/02/2007
2,4016,DIRECTORIO,DIRECTOR SUPLENTE,09/02/2007,28/06/2007
2,4017,DIRECTORIO,DIRECTOR,05/02/2004,31/03/2006
2,4017,DIRECTORIO,DIRECTOR SUPLENTE,27/06/2006,09/02/2007
2,4017,DIRECTORIO,DIRECTOR SUPLENTE,09/02/2007,27/03/2008
2,4017,DIRECTORIO,DIRECTOR SUPLENTE,27/03/2008,31/03/2009
2,4017,DIRECTORIO,DIRECTOR SUPLENTE,31/03/2009,29/03/2010
2,4017,DIRECTORIO,DIRECTOR SUPLENTE,29/03/2010,30/03/2011
2,4017,DIRECTORIO,DIRECTOR SUPLENTE,30/03/2011,28/03/2012
2,4017,DIRECTORIO,DIRECTOR SUPLENTE,28/03/2012,26/03/2013
2,4017,DIRECTORIO,DIRECTOR SUPLENTE,26/03/2013,23/04/2013
2,4018,DIRECTORIO,DIRECTOR SUPLENTE,17/05/2000,05/02/2004
2,844,DIRECTORIO,DIRECTOR,13/09/2006,09/02/2007
2,844,DIRECTORIO,DIRECTOR,09/02/2007,28/06/2007
2,1658,DIRECTORIO,DIRECTOR SUPLENTE,23/04/2013,
2,1659,DIRECTORIO,DIRECTOR,23/04/2013,
2,4019,DIRECTORIO,DIRECTOR,05/02/2004,09/02/2007
2,4019,DIRECTORIO,DIRECTOR,09/02/2007,27/03/2008
2,4019,DIRECTORIO,DIRECTOR,27/03/2008,31/03/2009
2,4019,DIRECTORIO,DIRECTOR,31/03/2009,29/03/2010
2,4019,DIRECTORIO,DIRECTOR,29/03/2010,30/03/2011
2,4019,DIRECTORIO,DIRECTOR,30/03/2011,28/03/2012
2,4019,DIRECTORIO,DIRECTOR,28/03/2012,26/03/2013
2,4019,DIRECTORIO,DIRECTOR,26/03/2013,23/04/2013
2,4020,DIRECTORIO,DIRECTOR,28/06/2007,27/03/2008
2,4020,DIRECTORIO,DIRECTOR SUPLENTE,27/03/2008,31/03/2009
2,4020,DIRECTORIO,DIRECTOR SUPLENTE,31/03/2009,29/03/2010
2,4020,DIRECTORIO,DIRECTOR SUPLENTE,29/03/2010,30/03/2011
2,4020,DIRECTORIO,DIRECTOR SUPLENTE,30/03/2011,28/03/2012
2,4020,DIRECTORIO,DIRECTOR SUPLENTE,28/03/2012,27/06/2012
2,781,DIRECTORIO,DIRECTOR -SUPLENTE,07/02/2000,27/06/2006
2,4021,DIRECTORIO,DIRECTOR,20/08/2003,05/02/2004
2,4021,DIRECTORIO,PRESIDENTE DEL DIRECTORIO,05/02/2004,09/02/2007
2,4021,DIRECTORIO,PRESIDENTE DEL DIRECTORIO,09/02/2007,27/03/2008
2,4005,GERENTE GENERAL,GERENTE GENERAL,13/09/2006,17/12/2008
2,809,GERENTE GENERAL,GERENTE GENERAL,17/12/2008,
2,766,GERENTE GENERAL,GERENTE GENERAL,05/02/2002,13/09/2006
2,4022,PLANA GERENCIAL,GERENTE OPERACIONES,28/03/2012,
2,667,PLANA GERENCIAL,GERENTE LEGAL,01/02/2011,
2,667,PLANA GERENCIAL,AUDITOR INTERNO,22/05/2013,
2,4023,PLANA GERENCIAL,GTE DERIVADOS Y FINANZAS CORP,04/11/2010,15/07/2011
2,799,PLANA GERENCIAL,GTE. DE DESARROLLO COMERCIAL,25/04/2001,13/07/2005
2,799,PLANA GERENCIAL,G. DESARROLLO COMERC. Y MARK,13/07/2005,12/12/2006
2,799,PLANA GERENCIAL,GERENTE COMERCIAL,03/01/2007,29/03/2010
2,799,PLANA GERENCIAL,AUDITOR INTERNO,27/10/2011,22/05/2013
2,785,PLANA GERENCIAL,GERENTE DE RECURSOS HUMANOS,04/11/2010,25/07/2013
2,4024,PLANA GERENCIAL,GTE. OPERACIONES Y SISTEMAS,25/04/2001,20/10/2004
2,4024,PLANA GERENCIAL,GERENTE DE PREVISION,15/07/2001,20/10/2004
2,4024,PLANA GERENCIAL,GERENTE DE OPERACIONES,05/10/2005,30/09/2007
2,802,PLANA GERENCIAL,OFICIAL CUMPLIMIENTO NORMATIVO,27/10/2011,22/05/2013
2,805,PLANA GERENCIAL,GERENTE INVERSIONES,21/02/2008,01/07/2011
2,4025,PLANA GERENCIAL,GERENTE DE COBRANZAS,23/09/2009,
2,4026,PLANA GERENCIAL,GERENTE DE RENTA FIJA,31/08/2010,01/07/2011
2,4026,PLANA GERENCIAL,GERENTE INVERSIONES,04/07/2011,
2,4027,PLANA GERENCIAL,GERENTE COMERCIAL,01/06/2012,
2,4028,PLANA GERENCIAL,GTE NUEVOS PRODUCTOS Y MULTICA,26/03/2013,
2,4029,PLANA GERENCIAL,GERENTE  DESARROLLO COMERCIAL,14/12/2011,
2,4030,PLANA GERENCIAL,GERENTE COMERCIAL,09/07/2002,31/12/2006
2,4031,PLANA GERENCIAL,GTE. GESTION PREVISIONAL,17/10/2002,15/02/2005
2,4031,PLANA GERENCIAL,GERENTE DE PROYECTOS,15/02/2005,18/04/2007
2,4031,PLANA GERENCIAL,GERENTE DE CONTROL OPERACIONAL,18/04/2007,23/09/2009
2,4031,PLANA GERENCIAL,GERENTE DE GESTION OPERATIVA,23/09/2009,
2,4032,PLANA GERENCIAL,GTE DE SERVICO AL CLIENTE,23/09/2009,18/11/2011
2,4033,PLANA GERENCIAL,GTE MARKETING Y NUEVOS PRODUCT,23/09/2009,24/08/2011
2,4033,PLANA GERENCIAL,GTE MARKETING Y CALIDAD,24/08/2011,
2,4034,PLANA GERENCIAL,GTE ADMINISTRACION COMERCIAL,23/09/2009,30/03/2011
2,4034,PLANA GERENCIAL,GTE DE DESARROLLO COMERCIAL,30/03/2011,14/12/2011
2,4034,PLANA GERENCIAL,GERENTE DE SERVICIO AL CLIENTE,21/11/2011,
2,1481,PLANA GERENCIAL,GTE DE MIDDLE OFFICE Y REG MCD,18/07/2011,
2,4035,PLANA GERENCIAL,GTE. PRESTACIONES,17/10/2002,15/02/2005
2,4035,PLANA GERENCIAL,GERENTE DE PREVISION,15/02/2005,18/04/2007
2,4035,PLANA GERENCIAL,GERENTE DE GESTION PREVISIONAL,18/04/2007,23/09/2009
2,4035,PLANA GERENCIAL,GERENTE DE PREVISION,23/09/2009,
2,4036,PLANA GERENCIAL,GTE. SERVICIO CLIENTE,17/10/2002,13/07/2005
2,4036,PLANA GERENCIAL,GTE. SERVICIO PREVISIONALES,13/07/2005,09/06/2006
2,4037,PLANA GERENCIAL,GTE DE ESTRATEGIA Y ANALISIS,04/11/2010,
2,4038,PLANA GERENCIAL,GERENTE DE RIESGOS,04/11/2010,
2,4038,PLANA GERENCIAL,OFICIAL CUMPLIMIENTO NORMATIVO,22/05/2013,
2,4039,PLANA GERENCIAL,GERENTE DE SERVICIOS JURIDICOS,01/02/2011,
2,830,PLANA GERENCIAL,GTE. RECURSOS HUMANOS,28/09/2000,30/09/2010
2,4040,PLANA GERENCIAL,GERENTE REGIONAL,17/10/2002,17/12/2008
2,4041,PLANA GERENCIAL,GERENTE REGIONAL,17/10/2002,01/09/2009
2,4042,PLANA GERENCIAL,GERENTE DE PLANEAMIENTO Y GEST,04/10/2007,12/12/2007
2,4042,PLANA GERENCIAL,PLANEAMIENTO Y GESTION FINANCI,13/12/2007,04/11/2010
2,4042,PLANA GERENCIAL,GERENTE COMERCIAL,29/03/2010,31/05/2012
2,4042,PLANA GERENCIAL,GERENTE DE MARKETING,01/06/2012,
2,4043,PLANA GERENCIAL,GERENTE DE RENTA VARIABLE,04/11/2010,
2,4014,PLANA GERENCIAL,GERENTE COMERCIAL,28/09/2000,11/06/2002
2,4044,PLANA GERENCIAL,GERENTE ADM. Y FINANZAS,01/01/2004,05/02/2004
2,3905,PLANA GERENCIAL,GERENTE INVERSIONES,05/02/2002,21/02/2008
2,4045,PLANA GERENCIAL,GERENTE REGIONAL,17/10/2002,17/12/2008
2,4046,PLANA GERENCIAL,GTE DE RIESGOS DE INVERSION,05/10/2005,26/02/2009
2,4046,PLANA GERENCIAL,GERENTE OPERACIONES,05/10/2005,13/09/2006
2,4047,PLANA GERENCIAL,GERENTE RENTA FIJA,24/08/2011,
2,4048,PLANA GERENCIAL,JEFE DE ADMINISTRACION,05/10/2005,13/09/2006
2,4048,PLANA GERENCIAL,GTE. ADM. Y CONTABILIDAD,13/09/2006,12/12/2007
2,4049,PLANA GERENCIAL,GERENTE DE MARKETING,17/10/2002,13/07/2005
2,4049,PLANA GERENCIAL,GERENTE DE SERVICIOS AL CLIENT,13/07/2005,18/04/2007
2,4049,PLANA GERENCIAL,GERENTE DE MARKETING Y SERVICI,18/04/2007,01/09/2009
2,4050,PLANA GERENCIAL,GTE DE GESTIÓN DE INVERSIONES,13/09/2006,04/11/2010
2,4050,PLANA GERENCIAL,GERENTE DE RIESGOS,26/02/2009,04/11/2010
2,4050,PLANA GERENCIAL,GTE DE PLANEAMIENTO Y FINANZAS,04/11/2010,24/08/2011
2,4050,PLANA GERENCIAL,GTE ADMINISTRACION Y FINANZAS,24/08/2011,
2,4051,PLANA GERENCIAL,GTE. DE ORGANIZ. Y ESTRUCT.,25/04/2001,10/10/2002
2,4051,PLANA GERENCIAL,GERENTE DE COBRANZAS,05/02/2002,12/07/2005
2,4051,PLANA GERENCIAL,GESTION DE INGRESOS DE LA SOC,13/07/2005,18/04/2007
2,4052,PLANA GERENCIAL,GERENTE REGIONAL,17/10/2002,23/09/2009
2,4052,PLANA GERENCIAL,GERENTE DE VENTAS,23/09/2009,10/06/2010
2,4052,PLANA GERENCIAL,GTE VENTAS Y RELAC. PUBLICAS,10/06/2010,
2,876,PLANA GERENCIAL,GERENTE LEGAL,18/05/2000,30/01/2003
2,876,PLANA GERENCIAL,REPRESENTANTE BURSATIL,30/01/2003,30/01/2003
2,876,PLANA GERENCIAL,GER. AUDI Y LEGAL,30/01/2003,26/02/2009
2,876,PLANA GERENCIAL,GERENTE LEGAL,26/02/2009,31/12/2010
2,4053,PLANA GERENCIAL,GERENTE DE MARKETING Y SEGUROS,15/12/2009,24/08/2011
2,4053,PLANA GERENCIAL,GTE MARKETING Y DESARROLLO NE,24/08/2011,31/05/2012
2,4054,PLANA GERENCIAL,GTE PLANEAMTO Y GSTIÓN FINANC,13/09/2006,30/06/2007
2,4055,PLANA GERENCIAL,GERENTE RIESGOS INVERSION,05/02/2004,31/08/2005
2,4056,PLANA GERENCIAL,GTE. DE INFORMATICA,25/04/2001,17/10/2002
2,2536,PLANA GERENCIAL,GERENTE DE SISTEMA,05/10/2005,18/04/2007
2,2536,PLANA GERENCIAL,GERENTE DE BUSINESS PARTNER,18/04/2007,12/12/2007
2,2536,PLANA GERENCIAL,GERENTE OPERACIONES,13/12/2007,20/01/2012
2,4005,REPRESENTANTE LEGAL,,13/09/2006,17/12/2008
2,667,REPRESENTANTE LEGAL,,01/02/2011,
2,809,REPRESENTANTE LEGAL,,17/12/2008,
2,766,REPRESENTANTE LEGAL,,05/02/2002,13/09/2006
2,876,REPRESENTANTE LEGAL,,30/01/2003,31/12/2010
3,4057,DIRECTORIO,DIRECTOR,19/01/2015,26/01/2016
3,4057,DIRECTORIO,DIRECTOR,19/01/2015,19/01/2015
3,4057,DIRECTORIO,DIRECTOR,26/01/2016,18/05/2016
3,4058,DIRECTORIO,DIRECTOR,02/01/2012,19/01/2015
3,4058,DIRECTORIO,DIRECTOR,19/01/2015,26/01/2016
3,4058,DIRECTORIO,DIRECTOR,26/01/2016,25/01/2017
3,4058,DIRECTORIO,DIRECTOR,25/01/2017,
3,2043,DIRECTORIO,PRESIDENTE DEL DIRECTORIO,19/01/2007,25/01/2008
3,2043,DIRECTORIO,PRESIDENTE DEL DIRECTORIO,25/01/2008,30/04/2009
3,2043,DIRECTORIO,DIRECTOR,01/05/2009,26/08/2009
3,2043,DIRECTORIO,DIRECTOR,15/05/2013,19/01/2015
3,2043,DIRECTORIO,DIRECTOR,19/01/2015,26/01/2016
3,2043,DIRECTORIO,DIRECTOR,26/01/2016,25/01/2017
3,2043,DIRECTORIO,DIRECTOR,25/01/2017,
3,4059,DIRECTORIO,DIRECTOR,20/03/2012,19/01/2015
3,4059,DIRECTORIO,DIRECTOR,19/01/2015,26/01/2016
3,4059,DIRECTORIO,DIRECTOR,26/01/2016,18/05/2016
3,4060,DIRECTORIO,DIRECTOR,21/01/2003,22/01/2007
3,4060,DIRECTORIO,DIRECTOR,19/01/2007,25/01/2008
3,4060,DIRECTORIO,DIRECTOR,25/01/2008,22/01/2010
3,4060,DIRECTORIO,DIRECTOR,22/01/2010,12/01/2011
3,4060,DIRECTORIO,DIRECTOR,12/01/2011,27/01/2014
3,705,DIRECTORIO,DIRECTOR,29/01/2009,22/01/2010
3,705,DIRECTORIO,DIRECTOR,22/01/2010,12/01/2011
3,705,DIRECTORIO,DIRECTOR,12/01/2011,05/12/2012
3,4061,DIRECTORIO,DIRECTOR,22/01/2002,22/01/2007
3,4061,DIRECTORIO,DIRECTOR,19/01/2007,25/01/2008
3,4061,DIRECTORIO,DIRECTOR,25/01/2008,22/01/2010
3,4061,DIRECTORIO,DIRECTOR,22/01/2010,12/01/2011
3,4061,DIRECTORIO,DIRECTOR,12/01/2011,19/01/2015
3,4061,DIRECTORIO,DIRECTOR,19/01/2015,26/01/2016
3,4061,DIRECTORIO,DIRECTOR,26/01/2016,25/01/2017
3,4061,DIRECTORIO,DIRECTOR,25/01/2017,
3,81,DIRECTORIO,DIRECTOR,12/07/2001,21/01/2003
3,136,DIRECTORIO,DIRECTOR,15/02/2001,22/01/2007
3,136,DIRECTORIO,DIRECTOR,19/01/2007,25/01/2008
3,136,DIRECTORIO,DIRECTOR,25/01/2008,29/01/2009
3,3842,DIRECTORIO,DIRECTOR,27/01/2014,19/01/2015
3,3842,DIRECTORIO,DIRECTOR,19/01/2015,26/01/2016
3,3842,DIRECTORIO,DIRECTOR,26/01/2016,25/01/2017
3,3842,DIRECTORIO,DIRECTOR,25/01/2017,
3,142,DIRECTORIO,DIRECTOR,19/01/2007,25/01/2008
3,142,DIRECTORIO,DIRECTOR,25/01/2008,22/01/2010
3,142,DIRECTORIO,DIRECTOR,22/01/2010,17/12/2010
3,142,DIRECTORIO,PRESIDENTE DEL DIRECTORIO,17/12/2010,12/01/2011
3,142,DIRECTORIO,PRESIDENTE DEL DIRECTORIO,12/01/2011,19/01/2015
3,142,DIRECTORIO,PRESIDENTE DEL DIRECTORIO,19/01/2015,26/01/2016
3,142,DIRECTORIO,PRESIDENTE DEL DIRECTORIO,26/01/2016,25/01/2017
3,142,DIRECTORIO,PRESIDENTE DEL DIRECTORIO,25/01/2017,
3,4062,DIRECTORIO,DIRECTOR,19/01/2007,25/01/2008
3,4062,DIRECTORIO,DIRECTOR,25/01/2008,22/01/2010
3,4062,DIRECTORIO,DIRECTOR,22/01/2010,12/01/2011
3,4062,DIRECTORIO,DIRECTOR,12/01/2011,02/01/2012
3,4063,DIRECTORIO,DIRECTOR,22/01/2004,22/01/2007
3,4063,DIRECTORIO,DIRECTOR,19/01/2007,25/01/2008
3,4063,DIRECTORIO,DIRECTOR,25/01/2008,30/04/2009
3,4063,DIRECTORIO,PRESIDENTE DEL DIRECTORIO,01/05/2009,22/01/2010
3,4063,DIRECTORIO,PRESIDENTE DEL DIRECTORIO,22/01/2010,17/12/2010
3,4064,DIRECTORIO,DIRECTOR,19/01/2007,25/01/2008
3,4064,DIRECTORIO,DIRECTOR,25/01/2008,22/01/2010
3,4064,DIRECTORIO,DIRECTOR,22/01/2010,12/01/2011
3,4064,DIRECTORIO,DIRECTOR,12/01/2011,22/03/2011
3,4065,DIRECTORIO,DIRECTOR SUPLENTE,25/01/2008,29/01/2009
3,4066,DIRECTORIO,DIRECTOR,22/03/2011,27/01/2012
3,4067,DIRECTORIO,DIRECTOR,27/01/2012,20/03/2012
3,4068,DIRECTORIO,DIRECTOR,12/01/2011,27/01/2012
3,4069,DIRECTORIO,DIRECTOR,26/08/2009,22/01/2010
3,4069,DIRECTORIO,DIRECTOR,22/01/2010,12/01/2011
3,4069,DIRECTORIO,DIRECTOR,12/01/2011,27/01/2012
3,4069,DIRECTORIO,DIRECTOR,04/04/2016,25/01/2017
3,4069,DIRECTORIO,DIRECTOR,25/01/2017,
3,4070,DIRECTORIO,DIRECTOR,16/05/2013,15/09/2014
3,4071,DIRECTORIO,DIRECTOR,27/01/2012,20/03/2012
3,4072,DIRECTORIO,DIRECTOR,20/03/2012,15/05/2013
3,4073,DIRECTORIO,DIRECTOR,27/01/2012,19/01/2015
3,4073,DIRECTORIO,DIRECTOR,19/01/2015,26/01/2016
3,4073,DIRECTORIO,DIRECTOR,26/01/2016,25/01/2017
3,4073,DIRECTORIO,DIRECTOR,25/01/2017,
3,3965,DIRECTORIO,DIRECTOR,22/01/2004,22/01/2007
3,3965,DIRECTORIO,DIRECTOR,19/01/2007,25/01/2008
3,3965,DIRECTORIO,DIRECTOR,25/01/2008,22/01/2010
3,3965,DIRECTORIO,DIRECTOR,22/01/2010,12/01/2011
3,3965,DIRECTORIO,DIRECTOR,12/01/2011,27/01/2014
3,3455,GERENTE GENERAL,GERENTE GENERAL,08/06/2010,30/09/2010
3,4074,GERENTE GENERAL,GERENTE GENERAL ADJUNTO,02/09/2013,04/04/2016
3,4074,GERENTE GENERAL,,04/04/2016,
3,3326,GERENTE GENERAL,GERENTE GENERAL,17/12/2010,12/01/2011
3,4063,GERENTE GENERAL,GERENTE GENERAL,01/10/2010,17/12/2010
3,4069,GERENTE GENERAL,GERENTE GENERAL,12/01/2011,04/04/2016
3,4075,PLANA GERENCIAL,GTE DE SERVICIO AL AFILIADO,12/05/2005,31/01/2008
3,4076,PLANA GERENCIAL,GERENTE RIESGOS DE INVERSION,01/02/2010,21/06/2011
3,4076,PLANA GERENCIAL,GERENTE DE INVERSIONES,22/06/2011,18/04/2016
3,4077,PLANA GERENCIAL,GERENTE DE MARKETING,01/02/2010,12/01/2011
3,4078,PLANA GERENCIAL,GTE DE SERVICIO EMPRESARIAL,12/05/2005,31/01/2008
3,4079,PLANA GERENCIAL,GERENTE CENTRAL DE VENTAS,01/02/2010,31/10/2011
3,4080,PLANA GERENCIAL,GERENTE DE GESTION HUMANA,01/11/2013,18/04/2016
3,2043,PLANA GERENCIAL,PRESIDENTE EJECUTIVO,21/01/2005,30/04/2009
3,4081,PLANA GERENCIAL,GERENTE MARKETING Y RELACIONAM,01/11/2013,
3,4026,PLANA GERENCIAL,GERENTE CENTRAL DE INVERSIONES,02/09/2013,31/10/2013
3,4026,PLANA GERENCIAL,VICEPRESIDENTE DE INVERSIONES,01/11/2013,05/06/2017
3,4082,PLANA GERENCIAL,GERENTE DE SISTEMAS,15/06/2005,31/01/2008
3,1677,PLANA GERENCIAL,GERENTE CENTRAL DE OPS Y SIST.,01/02/2008,31/10/2013
3,1677,PLANA GERENCIAL,VICEPRESIDENTE DE OPS Y TI,01/11/2013,22/12/2016
3,1677,PLANA GERENCIAL,VP FINANZAS OPERACIONES Y TI,22/12/2016,
3,4083,PLANA GERENCIAL,GERENTE ZONAL LIMA SUR,01/02/2008,19/11/2008
3,4084,PLANA GERENCIAL,GERENTE INVERSIONES,01/02/2010,27/01/2012
3,3455,PLANA GERENCIAL,SUB GERENTE DE INVERSIONES,21/01/2005,12/05/2005
3,3455,PLANA GERENCIAL,GERENTE CENTRAL DE INVERSIONES,12/05/2005,08/06/2010
3,3455,PLANA GERENCIAL,GERENCIA CENTRAL DE INVERSIONE,01/02/2008,01/02/2008
3,4085,PLANA GERENCIAL,GERENTE DE VENTAS,22/05/2014,13/05/2016
3,4086,PLANA GERENCIAL,REPRESENTANTE BURSATIL,20/01/2003,01/02/2006
3,4086,PLANA GERENCIAL,GERENTE LEGAL,12/05/2005,01/02/2006
3,4087,PLANA GERENCIAL,GERENTE DE RIESGOS,12/05/2005,31/12/2007
3,4074,PLANA GERENCIAL,GERENTE CENTRAL DE INVERSIONES,01/12/2010,29/08/2013
3,2668,PLANA GERENCIAL,GERENTE CENTRAL COMERCIAL,02/01/2012,31/10/2013
3,2668,PLANA GERENCIAL,VICEPRESIDENTE COMERCIAL,01/11/2013,19/05/2015
3,4088,PLANA GERENCIAL,GERENTE DE OPERACIONES,01/11/2013,
3,3326,PLANA GERENCIAL,GERENTE CENTRAL RRHH,03/01/2005,17/12/2010
3,3326,PLANA GERENCIAL,GERENCIA CENTRAL DE RRHH,01/02/2008,01/02/2008
3,3326,PLANA GERENCIAL,GERENTE CENTRAL DE RRHH,12/01/2011,31/10/2013
3,3326,PLANA GERENCIAL,VICEPRESIDENTE GESTION HUMANA,01/11/2013,
3,4089,PLANA GERENCIAL,SUB GERENTE ADJ RRHH,21/01/2005,12/05/2005
3,4089,PLANA GERENCIAL,GERENTE DE DESARROLLO,12/05/2005,31/01/2008
3,4090,PLANA GERENCIAL,SUB GERENTE ADJ SISTEMAS,21/01/2005,31/01/2008
3,4091,PLANA GERENCIAL,GERENTE DE CUENTAS VIP,01/02/2008,31/10/2013
3,4092,PLANA GERENCIAL,GERENTE RIESGOS OPERATIVOS,01/11/2013,
3,4039,PLANA GERENCIAL,GERENTE LEGAL,01/11/2013,
3,2674,PLANA GERENCIAL,GERENTE RIESGOS DE INVERSION,15/05/2013,31/10/2013
3,4093,PLANA GERENCIAL,GERENTE DE FINANZAS,01/02/2008,29/08/2013
3,4043,PLANA GERENCIAL,GERENTE ANALISIS INVERSIONES,02/09/2013,05/03/2014
3,4094,PLANA GERENCIAL,SUB GERENTE DE PRODUCCION,21/01/2005,31/01/2008
3,4095,PLANA GERENCIAL,GERENTE INVERSIONES RENTA FIJA,25/06/2012,07/04/2014
3,4095,PLANA GERENCIAL,VICEPRESIDENTE DE INVERSIONES,14/06/2017,
3,4096,PLANA GERENCIAL,GTE CENTRAL DE SERV AL CLIENTE,12/05/2005,31/01/2008
3,4047,PLANA GERENCIAL,HEAD TRADER,02/09/2013,20/09/2016
3,4097,PLANA GERENCIAL,GERENTE RIESGOS DE INVERSION,01/02/2016,
3,3562,PLANA GERENCIAL,GERENTE COMERCIAL,30/01/2004,12/05/2005
3,3562,PLANA GERENCIAL,GTE CENTRAL DE VTAS Y MARKET,12/05/2005,31/01/2008
3,3562,PLANA GERENCIAL,"GERENTE CENTRAL VTA, MKT Y SER",01/02/2008,14/03/2008
3,4098,PLANA GERENCIAL,GERENTE ZONAL LIMA NORTE,01/02/2008,19/11/2008
3,4099,PLANA GERENCIAL,GERENTE DE TECNOLOGIA,01/11/2013,
3,4100,PLANA GERENCIAL,GTE. RELACIO. INSTITUCIONALES,01/02/2008,31/10/2013
3,4100,PLANA GERENCIAL,GERENTE RESPONSABILIDAD CORP.,01/11/2013,
3,4101,PLANA GERENCIAL,GERENTE DE SERVICIOS INTERNOS,01/11/2013,
3,4102,PLANA GERENCIAL,GERENTE DE VENTAS,01/06/2005,31/01/2008
3,4102,PLANA GERENCIAL,GERENTE DE MARKETING Y SERV.,01/02/2008,14/03/2008
3,4102,PLANA GERENCIAL,GERENTE CENTRAL COM. Y DE SERV,17/03/2008,18/03/2009
3,4102,PLANA GERENCIAL,GERENTE CENTRAL COMERCIAL,18/03/2009,31/01/2010
3,4103,PLANA GERENCIAL,SUB GERENTE DE FINANZAS Y ADM,21/01/2005,12/05/2005
3,4103,PLANA GERENCIAL,GTE. CENTRAL DE ADM Y FINANZ,12/05/2005,31/01/2008
3,4103,PLANA GERENCIAL,GERENCIA CENTRAL DE FINANZAS,01/02/2008,31/10/2013
3,4103,PLANA GERENCIAL,VICE PRESIDENTE DE FINANZAS,01/11/2013,15/12/2016
3,4104,PLANA GERENCIAL,GERENTE RIESGOS DE INVERSION,09/12/2013,01/02/2016
3,4105,PLANA GERENCIAL,SUB GERENTE ADJ PREVISION,21/01/2005,31/01/2008
3,4106,PLANA GERENCIAL,GERENTE DE CONTABILIDAD,12/05/2005,23/06/2017
3,4106,PLANA GERENCIAL,GERENTE DE CONTABILIDAD,01/02/2008,01/02/2008
3,4106,PLANA GERENCIAL,GERENTE DE AUDITORIA,23/06/2017,
3,4107,PLANA GERENCIAL,GERENTE DE VENTAS,01/02/2008,31/10/2013
3,4107,PLANA GERENCIAL,GERENTE DE PROVINCIAS,01/11/2013,
3,4108,PLANA GERENCIAL,GERENTE DE SERVICIOS,01/11/2013,
3,4109,PLANA GERENCIAL,GERENTE MESA DE INVERSIONES,12/05/2005,30/09/2008
3,4109,PLANA GERENCIAL,GERENCIA DE MESA DE INVERSIONE,01/02/2008,01/02/2008
3,2168,PLANA GERENCIAL,GERENTE LEGAL Y DE COMPLIANCE,01/02/2006,31/10/2013
3,2168,PLANA GERENCIAL,REPRESENTANTE BURSATIL,01/02/2006,01/02/2006
3,2168,PLANA GERENCIAL,VICEPRESIDENTE LEGAL Y CUMPLIM,01/11/2013,
3,4110,PLANA GERENCIAL,GERENTE DE AUDITORIA INTERNA,01/02/2008,31/10/2013
3,4110,PLANA GERENCIAL,GERENTE AUDITORIA CORPORATIVA,01/11/2013,31/01/2017
3,1677,REPRESENTANTE LEGAL,,25/01/2017,
3,3455,REPRESENTANTE LEGAL,,08/06/2010,30/09/2010
3,4074,REPRESENTANTE LEGAL,,04/04/2016,
3,4069,REPRESENTANTE LEGAL,,12/01/2011,04/04/2016
3,4103,REPRESENTANTE LEGAL,,01/01/2005,15/12/2016
4,706,DIRECTORIO,DIRECTOR,03/01/2002,22/03/2002
4,316,DIRECTORIO,DIRECTOR,25/08/2006,
4,288,DIRECTORIO,PRESIDENTE DEL DIRECTORIO,25/08/2006,
4,4111,DIRECTORIO,DIRECTOR,11/09/2003,25/08/2006
4,303,DIRECTORIO,DIRECTOR,25/08/2006,
4,4112,DIRECTORIO,DIRECTOR,14/02/2005,25/08/2006
4,4113,DIRECTORIO,DIRECTOR,22/03/2002,10/04/2002
4,308,DIRECTORIO,DIRECTOR,25/08/2006,
4,4114,DIRECTORIO,DIRECTOR,25/08/2006,
4,4115,DIRECTORIO,DIRECTOR,27/02/2003,25/08/2006
4,4111,GERENTE GENERAL,GERENTE GENERAL,12/06/2006,25/08/2006
4,4112,GERENTE GENERAL,GERENTE GENERAL,12/07/2004,07/04/2006
4,4112,GERENTE GENERAL,GERENTE GENERAL,07/04/2006,12/06/2006
4,4116,GERENTE GENERAL,GERENTE GENERAL,25/08/2006,
4,665,PLANA GERENCIAL,MIEMBRO COMITE RIESGOS,28/06/2004,07/04/2006
4,665,PLANA GERENCIAL,GERENTE INVERSIONES,07/04/2006,
4,665,PLANA GERENCIAL,MIEMBRO COMITE DE RIESGOS,14/09/2006,
4,4117,PLANA GERENCIAL,CONTROLLER,02/02/2004,19/03/2004
4,2665,PLANA GERENCIAL,GERENTE COMERCIAL,02/06/2006,31/10/2006
4,2683,PLANA GERENCIAL,GERENTE DE SISTEMAS,01/10/2001,07/04/2006
4,2683,PLANA GERENCIAL,GERENTE DE SERVICIOS Y TEC,10/04/2006,
4,303,PLANA GERENCIAL,GERENTE DE CONTABILIDAD,28/09/2006,
4,2312,PLANA GERENCIAL,GERENTE DE ADMINISTRACION,01/05/2001,01/10/2001
4,2312,PLANA GERENCIAL,GERENTE DE ADMINISTRACION,05/04/2002,30/01/2003
4,2312,PLANA GERENCIAL,GERENTE DE OPERACIONES,30/01/2003,07/04/2006
4,2312,PLANA GERENCIAL,GERENTE OPERACIONES,07/04/2006,24/08/2006
4,2212,PLANA GERENCIAL,GERENTE DE SISTEMAS Y DE SERV.,31/01/2000,01/03/2000
4,3562,PLANA GERENCIAL,GERENTE COMERCIAL,31/01/2000,05/06/2000
4,4112,PLANA GERENCIAL,MIEMBRO COMITE RIESGOS,28/06/2004,07/04/2006
4,2216,PLANA GERENCIAL,MIEMBRO COMITE DE RIESGOS,14/09/2006,
4,308,PLANA GERENCIAL,GERENTE DE FINANZAS,28/09/2006,
4,4118,PLANA GERENCIAL,REPRESENTANTE BURSATIL,14/02/2003,07/04/2006
4,4119,PLANA GERENCIAL,GERENTE UNIDAD DE RIESGOS,28/06/2004,07/04/2006
4,4119,PLANA GERENCIAL,MIEMBRO COMITE RIESGOS,28/06/2004,07/04/2006
4,4119,PLANA GERENCIAL,GERENTE DE RIESGOS Y CALIDAD,10/04/2006,
4,4116,PLANA GERENCIAL,GTE. MARK. Y SERVICIOS,30/01/2003,02/02/2004
4,4116,PLANA GERENCIAL,GERENTE COMERCIAL,01/06/2003,07/04/2006
4,4116,PLANA GERENCIAL,GERENTE COMERCIAL,07/04/2006,02/06/2006
4,4116,PLANA GERENCIAL,GERENTE GENERAL ADJUNTO,02/06/2006,
4,4116,PLANA GERENCIAL,MIEMBRO COMITE DE RIESGOS,14/09/2006,
4,4120,PLANA GERENCIAL,GTE DE ADMINISTRACION,30/01/2003,07/04/2006
4,4120,PLANA GERENCIAL,MIEMBRO COMIT RIESGOS,28/06/2004,07/04/2006
4,4120,PLANA GERENCIAL,GERENTE DE ADMINISTRACION,07/04/2006,18/08/2006
4,4121,PLANA GERENCIAL,GERENTE DE DESARROLLO,31/01/2000,30/01/2003
4,4121,PLANA GERENCIAL,GERENTE COMERCIAL,30/01/2003,31/05/2003
4,4122,PLANA GERENCIAL,GERENTE MARKETING Y SERVICIOS,01/03/2005,10/04/2006
4,4123,PLANA GERENCIAL,PRESID COMITE DE RIESGOS,28/06/2004,07/04/2006
4,4111,REPRESENTANTE LEGAL,,12/06/2006,25/08/2006
4,4112,REPRESENTANTE LEGAL,,12/08/2004,12/06/2006
4,4116,REPRESENTANTE LEGAL,,25/08/2006,
5,4124,DIRECTORIO,DIRECTOR,24/09/2015,29/03/2016
5,4124,DIRECTORIO,DIRECTOR,29/03/2016,28/03/2017
5,4124,DIRECTORIO,DIRECTOR,28/03/2017,
5,270,DIRECTORIO,DIRECTOR,14/03/2005,28/03/2007
5,270,DIRECTORIO,VICEPRESIDENTE DEL DIRECTORIO,28/03/2007,29/02/2008
5,270,DIRECTORIO,DIRECTOR,29/02/2008,27/03/2008
5,270,DIRECTORIO,VICEPRESIDENTE DEL DIRECTORIO,27/03/2008,02/03/2009
5,270,DIRECTORIO,DIRECTOR,02/03/2009,26/03/2009
5,270,DIRECTORIO,VICEPRESIDENTE DEL DIRECTORIO,26/03/2009,03/03/2010
5,270,DIRECTORIO,DIRECTOR,04/03/2010,18/03/2010
5,270,DIRECTORIO,PRESIDENTE DEL DIRECTORIO,18/03/2010,24/03/2011
5,270,DIRECTORIO,PRESIDENTE DEL DIRECTORIO,24/03/2011,12/05/2011
5,270,DIRECTORIO,PRESIDENTE DEL DIRECTORIO,12/05/2011,30/03/2012
5,270,DIRECTORIO,PRESIDENTE DEL DIRECTORIO,30/03/2012,21/03/2013
5,270,DIRECTORIO,PRESIDENTE DEL DIRECTORIO,30/03/2012,30/03/2012
5,270,DIRECTORIO,DIRECTOR,21/03/2013,21/05/2013
5,270,DIRECTORIO,PRESIDENTE DEL DIRECTORIO,21/05/2013,26/03/2014
5,270,DIRECTORIO,DIRECTOR,26/03/2014,22/05/2014
5,270,DIRECTORIO,PRESIDENTE DEL DIRECTORIO,22/05/2014,30/03/2015
5,270,DIRECTORIO,DIRECTOR,30/03/2015,28/05/2015
5,270,DIRECTORIO,PRESIDENTE DEL DIRECTORIO,28/05/2015,29/03/2016
5,270,DIRECTORIO,PRESIDENTE DEL DIRECTORIO,29/03/2016,28/03/2017
5,270,DIRECTORIO,PRESIDENTE DEL DIRECTORIO,28/03/2017,
5,257,DIRECTORIO,DIRECTOR,14/03/2005,29/02/2008
5,279,DIRECTORIO,DIRECTOR,29/02/2008,02/03/2009
5,279,DIRECTORIO,DIRECTOR,02/03/2009,03/03/2010
5,279,DIRECTORIO,DIRECTOR,04/03/2010,24/03/2011
5,279,DIRECTORIO,DIRECTOR,24/03/2011,30/03/2012
5,279,DIRECTORIO,DIRECTOR,30/03/2012,21/03/2013
5,279,DIRECTORIO,DIRECTOR,21/03/2013,09/10/2013
5,280,DIRECTORIO,DIRECTOR,14/03/2005,29/02/2008
5,280,DIRECTORIO,DIRECTOR,29/02/2008,02/03/2009
5,280,DIRECTORIO,DIRECTOR,02/03/2009,03/03/2010
5,280,DIRECTORIO,DIRECTOR,04/03/2010,24/03/2011
5,280,DIRECTORIO,DIRECTOR,24/03/2011,30/03/2012
5,280,DIRECTORIO,DIRECTOR,30/03/2012,21/03/2013
5,280,DIRECTORIO,DIRECTOR,21/03/2013,26/03/2014
5,280,DIRECTORIO,DIRECTOR,26/03/2014,30/03/2015
5,280,DIRECTORIO,DIRECTOR,30/03/2015,29/03/2016
5,280,DIRECTORIO,DIRECTOR,29/03/2016,28/03/2017
5,280,DIRECTORIO,DIRECTOR,28/03/2017,
5,4125,DIRECTORIO,DIRECTOR,19/11/2012,21/03/2013
5,4125,DIRECTORIO,DIRECTOR,21/03/2013,26/03/2014
5,4125,DIRECTORIO,DIRECTOR,26/03/2014,30/03/2015
5,4125,DIRECTORIO,DIRECTOR,30/03/2015,29/03/2016
5,4125,DIRECTORIO,DIRECTOR,29/03/2016,28/03/2017
5,4125,DIRECTORIO,DIRECTOR,28/03/2017,
5,285,DIRECTORIO,DIRECTOR,25/09/2008,02/03/2009
5,285,DIRECTORIO,DIRECTOR,02/03/2009,03/03/2010
5,285,DIRECTORIO,DIRECTOR,04/03/2010,24/03/2011
5,285,DIRECTORIO,DIRECTOR,24/03/2011,30/03/2012
5,285,DIRECTORIO,DIRECTOR,30/03/2012,21/03/2013
5,285,DIRECTORIO,DIRECTOR,21/03/2013,26/03/2014
5,285,DIRECTORIO,DIRECTOR,26/03/2014,30/03/2015
5,285,DIRECTORIO,DIRECTOR,30/03/2015,29/03/2016
5,285,DIRECTORIO,DIRECTOR,29/03/2016,28/03/2017
5,285,DIRECTORIO,DIRECTOR,28/03/2017,
5,297,DIRECTORIO,VICEPRESIDENTE DEL DIRECTORIO,30/03/2012,21/03/2013
5,297,DIRECTORIO,DIRECTOR,30/03/2012,30/03/2012
5,297,DIRECTORIO,DIRECTOR,21/03/2013,21/05/2013
5,297,DIRECTORIO,VICEPRESIDENTE DEL DIRECTORIO,21/05/2013,26/03/2014
5,297,DIRECTORIO,DIRECTOR,26/03/2014,22/05/2014
5,297,DIRECTORIO,VICEPRESIDENTE DEL DIRECTORIO,22/05/2014,30/03/2015
5,297,DIRECTORIO,VICEPRESIDENTE DEL DIRECTORIO,28/05/2015,29/03/2016
5,297,DIRECTORIO,VICEPRESIDENTE DEL DIRECTORIO,29/03/2016,28/03/2017
5,297,DIRECTORIO,VICEPRESIDENTE DEL DIRECTORIO,28/03/2017,
5,4126,DIRECTORIO,DIRECTOR,30/03/2015,28/05/2015
5,298,DIRECTORIO,DIRECTOR,28/03/2007,29/02/2008
5,298,DIRECTORIO,DIRECTOR,29/02/2008,02/03/2009
5,298,DIRECTORIO,DIRECTOR,02/03/2009,03/03/2010
5,298,DIRECTORIO,DIRECTOR,04/03/2010,18/03/2010
5,298,DIRECTORIO,VICEPRESIDENTE DEL DIRECTORIO,18/03/2010,24/03/2011
5,298,DIRECTORIO,VICEPRESIDENTE DEL DIRECTORIO,24/03/2011,12/05/2011
5,298,DIRECTORIO,VICEPRESIDENTE DEL DIRECTORIO,12/05/2011,29/03/2012
5,45,DIRECTORIO,PRESIDENTE DEL DIRECTORIO,14/03/2005,29/02/2008
5,1664,DIRECTORIO,DIRECTOR,25/09/2008,25/09/2008
5,1210,DIRECTORIO,DIRECTOR,14/03/2005,29/02/2008
5,1210,DIRECTORIO,DIRECTOR,29/02/2008,25/09/2008
5,1210,DIRECTORIO,DIRECTOR,26/04/2011,30/03/2012
5,1210,DIRECTORIO,DIRECTOR,30/03/2012,15/11/2012
5,2939,DIRECTORIO,DIRECTOR,09/10/2013,26/03/2014
5,2939,DIRECTORIO,DIRECTOR,26/03/2014,05/09/2014
5,1798,DIRECTORIO,VICEPRESIDENTE DEL DIRECTORIO,14/03/2005,28/03/2007
5,54,DIRECTORIO,DIRECTOR,02/03/2009,26/03/2009
5,54,DIRECTORIO,PRESIDENTE DEL DIRECTORIO,26/03/2009,03/03/2010
5,1012,DIRECTORIO,DIRECTOR,29/02/2008,27/03/2008
5,1012,DIRECTORIO,PRESIDENTE DEL DIRECTORIO,27/03/2008,02/03/2009
5,310,DIRECTORIO,DIRECTOR,04/03/2010,24/03/2011
5,310,DIRECTORIO,DIRECTOR,24/03/2011,30/03/2012
5,310,DIRECTORIO,DIRECTOR,30/03/2012,21/03/2013
5,310,DIRECTORIO,DIRECTOR,21/03/2013,26/03/2014
5,310,DIRECTORIO,DIRECTOR,26/03/2014,30/03/2015
5,310,DIRECTORIO,DIRECTOR,30/03/2015,29/03/2016
5,310,DIRECTORIO,DIRECTOR,29/03/2016,28/03/2017
5,310,DIRECTORIO,DIRECTOR,28/03/2017,
5,4127,DIRECTORIO,DIRECTOR,05/11/2012,21/03/2013
5,4127,DIRECTORIO,DIRECTOR,21/03/2013,26/03/2014
5,4127,DIRECTORIO,DIRECTOR,26/03/2014,30/03/2015
5,4127,DIRECTORIO,DIRECTOR,30/03/2015,24/09/2015
5,297,GERENTE GENERAL,GERENTE GENERAL,14/03/2005,30/04/2012
5,4128,GERENTE GENERAL,GERENTE GENERAL,01/05/2012,
5,4129,PLANA GERENCIAL,GERENCIA DE INVERSIONES,07/07/2005,30/04/2008
5,4130,PLANA GERENCIAL,GERENTE DE RECURSOS HUMANOS,02/11/2009,
5,4131,PLANA GERENCIAL,GERENTE DE SISTEMAS,01/03/2010,16/01/2012
5,4132,PLANA GERENCIAL,GERENCIA DE OPERACIONES,07/07/2005,16/01/2012
5,338,PLANA GERENCIAL,GERENCIA DE RRHH,07/07/2005,09/10/2009
5,2304,PLANA GERENCIAL,GERENCIA COMERCIAL,07/07/2005,11/07/2008
5,4133,PLANA GERENCIAL,REPRESENTANTE BURSATIL,02/05/2005,15/03/2006
5,4133,PLANA GERENCIAL,GERENTE LEGAL,07/09/2005,15/03/2006
5,4134,PLANA GERENCIAL,GERENCIA DE SISTEMAS,07/07/2005,28/02/2010
5,4135,PLANA GERENCIAL,GERENTE DE ADMINISTRACION,23/03/2012,
5,1623,PLANA GERENCIAL,GERENC. DE ADM. Y FINANZAS,07/07/2005,29/01/2009
5,1623,PLANA GERENCIAL,REPRESENTANTE BURSATIL,27/03/2006,29/03/2007
5,4136,PLANA GERENCIAL,GTE. CUENTAS EXCLUSIVAS,31/05/2006,16/01/2012
5,4137,PLANA GERENCIAL,GTE. RELACIONES INSTITUC.,31/05/2006,31/01/2007
5,4138,PLANA GERENCIAL,GTE ADMINISTRACION Y FINANZAS,29/01/2009,14/03/2012
5,3557,PLANA GERENCIAL,GERENTE INVERSIONES,01/05/2016,
5,4139,PLANA GERENCIAL,GERENTE AUDITORIA,07/09/2005,31/12/2013
5,4140,PLANA GERENCIAL,CONTADORA GENERAL,01/01/2006,01/01/2006
5,4141,PLANA GERENCIAL,GERENTE DE DIVISION DE RIESGOS,01/11/2012,30/06/2014
5,1625,PLANA GERENCIAL,GERENTE INVERSIONES,01/05/2008,31/12/2011
5,4050,PLANA GERENCIAL,GERENTE DE DIVISION DE RIESGOS,06/08/2014,
5,4142,PLANA GERENCIAL,GERENTE DE RIESGOS,01/01/2010,31/10/2012
5,4128,PLANA GERENCIAL,GERENTE COMERCIAL,14/07/2008,30/04/2012
5,3962,PLANA GERENCIAL,GERENTE INVERSIONES,01/01/2012,30/04/2016
5,4143,PLANA GERENCIAL,GERENTE LEGAL,21/07/2006,
5,4143,PLANA GERENCIAL,REPRESENTANTE BURSATIL ALTERNO,21/07/2006,29/03/2007
5,4116,PLANA GERENCIAL,GERENTE DE PROCESOS CENTRALES,24/10/2006,30/04/2012
5,4116,PLANA GERENCIAL,GERENTE DE DIVISION COMERCIAL,01/05/2012,
5,4144,PLANA GERENCIAL,AUDITOR INTERNO,01/01/2014,08/05/2015
5,3556,PLANA GERENCIAL,GERENCIA DE RIESGOS,07/07/2005,31/12/2009
5,4145,PLANA GERENCIAL,AUDITOR INTERNO,01/01/2016,
5,4135,REPRESENTANTE LEGAL,,23/03/2012,
5,1623,REPRESENTANTE LEGAL,,02/05/2006,29/01/2009
5,4138,REPRESENTANTE LEGAL,,02/03/2009,14/03/2012
5,297,REPRESENTANTE LEGAL,,14/03/2005,30/04/2012
5,4128,REPRESENTANTE LEGAL,,01/05/2012,
5,4143,REPRESENTANTE LEGAL,,02/03/2009,
6,1159,DIRECTORIO,DIRECTOR,30/01/2001,18/07/2001
6,1642,DIRECTORIO,DIRECTOR,30/01/2017,27/03/2017
6,1642,DIRECTORIO,DIRECTOR,27/03/2017,
6,4146,DIRECTORIO,DIRECTOR SUPLENTE,24/03/2008,28/05/2008
6,4147,DIRECTORIO,DIRECTOR,27/03/2007,24/03/2008
6,4147,DIRECTORIO,DIRECTOR,24/03/2008,27/03/2009
6,4147,DIRECTORIO,DIRECTOR,27/03/2009,19/03/2010
6,2177,DIRECTORIO,DIRECTOR,28/02/2001,27/03/2007
6,2177,DIRECTORIO,MIEMBRO TITULAR COMITE EJECUT,23/02/2005,27/03/2007
6,2177,DIRECTORIO,DIRECTOR,27/03/2007,24/03/2008
6,2177,DIRECTORIO,DIRECTOR,24/03/2008,19/06/2008
6,2177,DIRECTORIO,DIRECTOR ALTERNO,27/06/2008,27/03/2009
6,2177,DIRECTORIO,DIRECTOR ALTERNO,27/03/2009,19/03/2010
6,1000,DIRECTORIO,DIRECTOR,29/03/2016,27/03/2017
6,1000,DIRECTORIO,DIRECTOR,27/03/2017,
6,1643,DIRECTORIO,DIRECTOR,19/06/2008,27/03/2009
6,1643,DIRECTORIO,DIRECTOR,27/03/2009,19/03/2010
6,1643,DIRECTORIO,DIRECTOR,19/03/2010,31/03/2011
6,1643,DIRECTORIO,DIRECTOR,31/03/2011,29/03/2012
6,1643,DIRECTORIO,DIRECTOR,29/03/2012,06/08/2012
6,1644,DIRECTORIO,DIRECTOR,19/03/2010,31/03/2011
6,1644,DIRECTORIO,DIRECTOR,31/03/2011,29/03/2012
6,1644,DIRECTORIO,DIRECTOR,29/03/2012,26/03/2013
6,1644,DIRECTORIO,DIRECTOR,26/03/2013,25/03/2014
6,1644,DIRECTORIO,DIRECTOR,25/03/2014,24/03/2015
6,1644,DIRECTORIO,DIRECTOR,24/03/2015,06/07/2015
6,1645,DIRECTORIO,DIRECTOR ALTERNO,27/03/2009,19/03/2010
6,1645,DIRECTORIO,DIRECTOR ALTERNO,19/03/2010,31/03/2011
6,1646,DIRECTORIO,DIRECTOR,31/03/2011,31/03/2011
6,1646,DIRECTORIO,DIRECTOR SUPLENTE,31/03/2011,29/03/2012
6,1646,DIRECTORIO,DIRECTOR SUPLENTE,29/03/2012,23/10/2012
6,1530,DIRECTORIO,DIRECTOR,27/03/2017,
6,4148,DIRECTORIO,DIRECTOR,24/03/2004,30/09/2004
6,421,DIRECTORIO,DIRECTOR,19/06/2008,27/03/2009
6,421,DIRECTORIO,DIRECTOR,27/03/2009,19/03/2010
6,421,DIRECTORIO,VICEPRESIDENTE DEL DIRECTORIO,19/03/2010,31/03/2011
6,421,DIRECTORIO,VICEPRESIDENTE DEL DIRECTORIO,31/03/2011,29/03/2012
6,421,DIRECTORIO,VICEPRESIDENTE DEL DIRECTORIO,29/03/2012,26/03/2013
6,421,DIRECTORIO,DIRECTOR,26/03/2013,25/03/2014
6,421,DIRECTORIO,VICEPRESIDENTE DEL DIRECTORIO,25/03/2014,24/03/2015
6,1161,DIRECTORIO,VICEPRESIDENTE DEL DIRECTORIO,28/02/2001,23/03/2005
6,1161,DIRECTORIO,MIEMBRO TITULAR COMITE EJECUT,23/02/2005,27/04/2005
6,4149,DIRECTORIO,MIEM. COM. AUDIT. INTERNA,19/06/2007,19/06/2007
6,4150,DIRECTORIO,DIRECTOR,29/03/2016,27/03/2017
6,4150,DIRECTORIO,DIRECTOR,27/03/2017,
6,4151,DIRECTORIO,DIRECTOR,31/03/2011,29/03/2012
6,4151,DIRECTORIO,DIRECTOR,29/03/2012,26/03/2013
6,4151,DIRECTORIO,DIRECTOR,26/03/2013,25/03/2014
6,4151,DIRECTORIO,DIRECTOR,25/03/2014,24/03/2015
6,4151,DIRECTORIO,DIRECTOR,24/03/2015,29/03/2016
6,1197,DIRECTORIO,DIRECTOR,28/03/2007,24/03/2008
6,1197,DIRECTORIO,DIRECTOR,24/03/2008,27/03/2009
6,1197,DIRECTORIO,DIRECTOR,27/03/2009,19/03/2010
6,1197,DIRECTORIO,DIRECTOR,19/03/2010,31/03/2011
6,1197,DIRECTORIO,DIRECTOR,26/03/2013,25/03/2014
6,1197,DIRECTORIO,DIRECTOR,25/03/2014,24/03/2015
6,1197,DIRECTORIO,DIRECTOR,24/03/2015,29/03/2016
6,1197,DIRECTORIO,DIRECTOR,29/03/2016,27/03/2017
6,4152,DIRECTORIO,DIRECTOR,28/08/2001,27/08/2003
6,4153,DIRECTORIO,DIRECTOR ALTERNO,19/03/2010,31/03/2011
6,4153,DIRECTORIO,DIRECTOR,31/03/2011,31/03/2011
6,4153,DIRECTORIO,DIRECTOR SUPLENTE,31/03/2011,29/03/2012
6,4153,DIRECTORIO,DIRECTOR SUPLENTE,29/03/2012,26/03/2013
6,4153,DIRECTORIO,DIRECTOR SUPLENTE,26/03/2013,25/03/2014
6,4153,DIRECTORIO,DIRECTOR SUPLENTE,25/03/2014,24/03/2015
6,4154,DIRECTORIO,DIRECTOR ALTERNO,27/06/2008,27/03/2009
6,4154,DIRECTORIO,DIRECTOR ALTERNO,27/03/2009,19/03/2010
6,1647,DIRECTORIO,DIRECTOR,19/06/2008,27/06/2008
6,1647,DIRECTORIO,VICEPRESIDENTE DEL DIRECTORIO,27/06/2008,27/03/2009
6,1647,DIRECTORIO,VICEPRESIDENTE DEL DIRECTORIO,27/03/2009,19/03/2010
6,1647,DIRECTORIO,PRESIDENTE DEL DIRECTORIO,19/03/2010,31/03/2011
6,1647,DIRECTORIO,PRESIDENTE DEL DIRECTORIO,31/03/2011,29/03/2012
6,1647,DIRECTORIO,PRESIDENTE DEL DIRECTORIO,29/03/2012,26/03/2013
6,1647,DIRECTORIO,DIRECTOR,26/03/2013,25/03/2014
6,1647,DIRECTORIO,PRESIDENTE DEL DIRECTORIO,25/03/2014,24/03/2015
6,1647,DIRECTORIO,PRESIDENTE DEL DIRECTORIO,24/03/2015,29/03/2016
6,1085,DIRECTORIO,DIRECTOR,28/04/2004,27/03/2006
6,1540,DIRECTORIO,DIRECTOR,06/07/2015,29/03/2016
6,1540,DIRECTORIO,DIRECTOR,29/03/2016,27/09/2016
6,3367,DIRECTORIO,DIRECTOR ALTERNO,27/06/2008,27/03/2009
6,3367,DIRECTORIO,DIRECTOR ALTERNO,27/03/2009,19/03/2010
6,4155,DIRECTORIO,DIRECTOR ALTERNO,27/06/2008,27/03/2009
6,4155,DIRECTORIO,DIRECTOR ALTERNO,27/03/2009,19/03/2010
6,4156,DIRECTORIO,DIRECTOR SUPLENTE,27/03/2007,24/03/2008
6,4156,DIRECTORIO,DIRECTOR SUPLENTE,24/03/2008,27/06/2008
6,4156,DIRECTORIO,DIRECTOR ALTERNO,27/06/2008,27/03/2009
6,4156,DIRECTORIO,DIRECTOR ALTERNO,27/03/2009,19/03/2010
6,4157,DIRECTORIO,DIRECTOR,10/11/2004,27/03/2007
6,4157,DIRECTORIO,DIRECTOR,27/03/2007,24/03/2008
6,4158,DIRECTORIO,DIRECTOR,19/03/2010,22/06/2010
6,1651,DIRECTORIO,DIRECTOR,27/03/2017,
6,1652,DIRECTORIO,DIRECTOR,06/07/2015,29/03/2016
6,1652,DIRECTORIO,VICEPRESIDENTE DEL DIRECTORIO,29/03/2016,27/03/2017
6,4159,DIRECTORIO,DIRECTOR,28/08/2003,28/04/2004
6,4160,DIRECTORIO,DIRECTOR SUPLENTE,27/03/2007,24/03/2008
6,3986,DIRECTORIO,DIRECTOR,25/03/2003,27/03/2007
6,3986,DIRECTORIO,MIEMBRO TITULAR COMITE EJECUT,23/02/2005,27/03/2007
6,3986,DIRECTORIO,DIRECTOR,27/03/2007,24/03/2008
6,3986,DIRECTORIO,PRES. COM.  AUDIT. INTERNA,19/06/2007,19/06/2008
6,3986,DIRECTORIO,DIRECTOR,24/03/2008,19/06/2008
6,1653,DIRECTORIO,DIRECTOR SUPLENTE,19/06/2008,27/06/2008
6,1653,DIRECTORIO,DIRECTOR ALTERNO,27/06/2008,27/03/2009
6,1653,DIRECTORIO,DIRECTOR ALTERNO,27/03/2009,27/03/2009
6,2181,DIRECTORIO,MIEMBRO TITULAR COMITE EJECUT,23/02/2005,27/03/2007
6,2181,DIRECTORIO,DIRECTOR,27/03/2007,24/03/2008
6,2181,DIRECTORIO,DIRECTOR,24/03/2008,27/03/2009
6,2181,DIRECTORIO,DIRECTOR,27/03/2009,19/03/2010
6,3987,DIRECTORIO,DIRECTOR,27/03/2007,24/03/2008
6,3987,DIRECTORIO,DIRECTOR,24/03/2008,19/06/2008
6,1658,DIRECTORIO,DIRECTOR SUPLENTE,19/06/2008,27/06/2008
6,1658,DIRECTORIO,DIRECTOR ALTERNO,27/06/2008,27/03/2009
6,1658,DIRECTORIO,DIRECTOR ALTERNO,27/03/2009,19/03/2010
6,1658,DIRECTORIO,DIRECTOR ALTERNO,19/03/2010,31/03/2011
6,1658,DIRECTORIO,DIRECTOR,31/03/2011,29/03/2012
6,1658,DIRECTORIO,DIRECTOR,29/03/2012,26/03/2013
6,1658,DIRECTORIO,DIRECTOR,26/03/2013,25/03/2014
6,1658,DIRECTORIO,DIRECTOR,25/03/2014,24/03/2015
6,1658,DIRECTORIO,DIRECTOR,24/03/2015,29/03/2016
6,4161,DIRECTORIO,MIEMBRO ALTERNO COMITE EJECUT,23/02/2005,27/04/2005
6,4161,DIRECTORIO,VICEPRESIDENTE DEL DIRECTORIO,23/03/2005,27/03/2007
6,4161,DIRECTORIO,MIEMBRO TITULAR COMITE EJECUT.,27/04/2005,27/03/2007
6,4161,DIRECTORIO,VICEPRESIDENTE DEL DIRECTORIO,27/03/2007,24/03/2008
6,4161,DIRECTORIO,VICEPRESIDENTE DEL DIRECTORIO,24/03/2008,19/06/2008
6,1659,DIRECTORIO,DIRECTOR SUPLENTE,23/10/2012,26/03/2013
6,1659,DIRECTORIO,DIRECTOR SUPLENTE,26/03/2013,25/03/2014
6,1659,DIRECTORIO,DIRECTOR SUPLENTE,25/03/2014,24/03/2015
6,1659,DIRECTORIO,DIRECTOR SUPLENTE,24/03/2015,29/03/2016
6,4162,DIRECTORIO,DIRECTOR,28/02/2001,27/08/2002
6,2891,DIRECTORIO,DIRECTOR,19/06/2008,27/03/2009
6,2891,DIRECTORIO,DIRECTOR,27/03/2009,19/03/2010
6,2891,DIRECTORIO,DIRECTOR,19/03/2010,31/03/2011
6,2891,DIRECTORIO,DIRECTOR,31/03/2011,29/03/2012
6,2891,DIRECTORIO,DIRECTOR,29/03/2012,26/03/2013
6,2891,DIRECTORIO,DIRECTOR,26/03/2013,25/03/2014
6,2891,DIRECTORIO,DIRECTOR,25/03/2014,24/03/2015
6,2891,DIRECTORIO,DIRECTOR,24/03/2015,29/03/2016
6,2891,DIRECTORIO,DIRECTOR,29/03/2016,27/03/2017
6,203,DIRECTORIO,DIRECTOR,27/03/2017,
6,1660,DIRECTORIO,DIRECTOR ALTERNO,19/03/2010,31/03/2011
6,1660,DIRECTORIO,DIRECTOR SUPLENTE,31/03/2011,29/03/2012
6,1660,DIRECTORIO,DIRECTOR SUPLENTE,29/03/2012,23/10/2012
6,1660,DIRECTORIO,DIRECTOR,23/10/2012,26/03/2013
6,1660,DIRECTORIO,DIRECTOR,26/03/2013,25/03/2014
6,1660,DIRECTORIO,DIRECTOR,25/03/2014,16/02/2015
6,3342,DIRECTORIO,DIRECTOR,19/06/2008,27/03/2009
6,3342,DIRECTORIO,DIRECTOR,27/03/2009,19/03/2010
6,4163,DIRECTORIO,DIRECTOR SUPLENTE,27/03/2007,24/03/2008
6,4163,DIRECTORIO,DIRECTOR SUPLENTE,24/03/2008,19/06/2008
6,4164,DIRECTORIO,DIRECTOR,24/03/2008,19/06/2008
6,621,DIRECTORIO,VICEPRESIDENTE DEL DIRECTORIO,24/03/2015,29/03/2016
6,621,DIRECTORIO,PRESIDENTE DEL DIRECTORIO,29/03/2016,27/03/2017
6,621,DIRECTORIO,DIRECTOR,27/03/2017,
6,4165,DIRECTORIO,DIRECTOR,06/07/2015,29/03/2016
6,4165,DIRECTORIO,DIRECTOR,29/03/2016,27/03/2017
6,4165,DIRECTORIO,DIRECTOR,27/03/2017,
6,3343,DIRECTORIO,DIRECTOR,29/03/2016,30/01/2017
6,1496,DIRECTORIO,PRESIDENTE DEL DIRECTORIO,28/02/2001,27/03/2007
6,1496,DIRECTORIO,PRESIDENTE DEL DIRECTORIO,27/03/2007,24/03/2008
6,1496,DIRECTORIO,MIEM.  COM.  AUDIT. INTERNA,19/06/2007,19/06/2007
6,1496,DIRECTORIO,PRESIDENTE DEL DIRECTORIO,24/03/2008,27/03/2009
6,1496,DIRECTORIO,PRESIDENTE DEL DIRECTORIO,27/03/2009,19/03/2010
6,4166,DIRECTORIO,MIEMBRO ALTERNO COMITE EJECUT,23/02/2005,27/03/2007
6,4166,DIRECTORIO,DIRECTOR,27/03/2007,24/03/2008
6,4166,DIRECTORIO,DIRECTOR,24/03/2008,19/06/2008
6,4166,DIRECTORIO,DIRECTOR ALTERNO,27/06/2008,27/03/2009
6,4166,DIRECTORIO,DIRECTOR ALTERNO,27/03/2009,19/03/2010
6,4167,DIRECTORIO,DIRECTOR,23/03/2005,27/03/2007
6,4167,DIRECTORIO,MIEMBRO ALTERNO COMITE EJECUT.,27/04/2005,27/03/2007
6,1540,GERENTE GENERAL,GERENTE GENERAL ADJUNTO,25/04/2011,31/07/2012
6,1540,GERENTE GENERAL,GERENTE GENERAL,01/08/2012,21/06/2015
6,4168,GERENTE GENERAL,,01/07/2015,
6,1569,GERENTE GENERAL,GERENTE GENERAL ADJUNTO,01/08/2012,30/09/2015
6,3391,PLANA GERENCIAL,GERENTE COMERCIAL,01/04/2013,15/09/2015
6,3994,PLANA GERENCIAL,GERENTE NEGOCIOS CORPORATIVOS,18/08/2009,31/07/2010
6,3994,PLANA GERENCIAL,GERENTE COMERCIAL,01/08/2010,31/12/2012
6,4023,PLANA GERENCIAL,GERENTE INVERSIONES,01/09/2015,
6,4169,PLANA GERENCIAL,ASESORA LEGAL,31/10/2000,30/09/2015
6,4169,PLANA GERENCIAL,REPRESENTANTE BURSATIL,29/01/2003,29/01/2003
6,4147,PLANA GERENCIAL,MIEMBRO COMITE RIESG INV,01/07/2004,01/07/2004
6,4027,PLANA GERENCIAL,GERENTE CALIDAD PROCESOS  PROY,01/09/2014,15/09/2015
6,4027,PLANA GERENCIAL,GERENTE COMERCIAL,16/09/2015,
6,4170,PLANA GERENCIAL,JEFE AUDITORIA INTERINO,09/06/2017,
6,1860,PLANA GERENCIAL,GTE. DESARR. HUMANO Y ORGANIZA,15/02/2006,30/11/2011
6,4149,PLANA GERENCIAL,AUDITOR INTERNO,19/06/2007,28/02/2013
6,4171,PLANA GERENCIAL,GERENTE DE RIESGOS,22/04/2008,18/08/2009
6,4171,PLANA GERENCIAL,GERENTE RIESGOS Y FINANZAS,18/08/2009,23/08/2011
6,4171,PLANA GERENCIAL,GERENTE DE RIESGOS,23/08/2011,16/12/2016
6,4172,PLANA GERENCIAL,AUDITOR INTERNO,03/02/2016,04/05/2017
6,4173,PLANA GERENCIAL,MIEMBRO COMITE RIESG INV,01/07/2004,10/07/2006
6,1540,PLANA GERENCIAL,GERENTE INVERSIONES,15/12/2008,01/10/2012
6,2626,PLANA GERENCIAL,GERENTE DE INVERSIONES,01/02/2005,15/10/2008
6,4174,PLANA GERENCIAL,GERENTE DE AREA RIESGOS,17/12/2016,
6,4175,PLANA GERENCIAL,GERENTE DE AREA LEGAL,01/10/2015,
6,4176,PLANA GERENCIAL,CONTROLLER,31/10/2000,17/05/2007
6,4176,PLANA GERENCIAL,GERENTE DE ADMINISTRACION,18/05/2007,18/08/2009
6,4176,PLANA GERENCIAL,GERENTE ADMINISTR OPERACIONES,18/08/2009,28/10/2014
6,4176,PLANA GERENCIAL,GERENTE OPERACIONES Y SISTEMAS,28/10/2014,06/04/2016
6,4042,PLANA GERENCIAL,GERENTE CENTRAL ADM Y FINANZAS,07/10/2013,28/10/2014
6,4042,PLANA GERENCIAL,GERENTE ADM. Y FINANZAS,28/10/2014,21/07/2016
6,4042,PLANA GERENCIAL,GERENTE DE DIVISION DE BUSINES,21/07/2016,
6,4177,PLANA GERENCIAL,SUB-GERENTE,31/08/2004,31/08/2015
6,4178,PLANA GERENCIAL,GTE. MARKETING CORP. Y SERV.,28/08/2003,07/05/2014
6,2071,PLANA GERENCIAL,PRESIDENTE COMITE RIESGOS INV,01/07/2004,01/07/2004
6,4179,PLANA GERENCIAL,GERENTE DE AREA SISTEMAS,06/04/2016,21/07/2016
6,4179,PLANA GERENCIAL,GERENTE DE AREA TECNOLOGIA,21/07/2016,31/05/2017
6,4179,PLANA GERENCIAL,GERENTE AREA SOLUCIONES DIGITA,01/06/2017,
6,4180,PLANA GERENCIAL,AUDITOR INTERNO,05/05/2017,09/06/2017
6,4161,PLANA GERENCIAL,MIEMBRO COMITE REISG INV,01/07/2004,01/07/2004
6,4181,PLANA GERENCIAL,JEFE AUDITORIA INTERNA INTERIN,22/03/2013,24/09/2013
6,4181,PLANA GERENCIAL,AUDITOR INTERNO,24/09/2013,02/02/2016
6,4182,PLANA GERENCIAL,GERENTE DE CAPITAL HUMANO,05/12/2013,21/07/2016
6,4182,PLANA GERENCIAL,GERENTE DE AREA CAPITAL HUMANO,21/07/2016,
6,4168,PLANA GERENCIAL,GERENTE INVERSIONES,01/10/2012,31/08/2015
6,4042,REPRESENTANTE LEGAL,,10/02/2015,
6,4177,REPRESENTANTE LEGAL,,31/08/2004,31/08/2004
6,4168,REPRESENTANTE LEGAL,,01/07/2015,
6,1569,REPRESENTANTE LEGAL,,10/02/2015,30/09/2015
